job_id,title,company,location,country,category,salary_min,salary_max,salary_is_predicted,contract_time,created,description,skills,num_skills,avg_salary
5868572513,Data Analyst (Reporting),Decisionpoint Corporation,US,United States,IT Jobs,55768.35,55768.35,True,Unknown,2026-09-03 05:10:42+00:00,"Overview DecisionPoint seeks a Data Analyst (Reporting) to develop KPI frameworks, analyze operational and performance data, and produce recurring reports for a large federal and DoD-aligned mission environment. This role is responsible for generating weekly and monthly performance reports, tracking service-level agreements (SLAs), analyzing alert trends, and identifying areas for system and operational improvement. The Data Analyst supports the PMO, dashboard teams, engineering teams, and oper…",[],0,55768.35
5878669040,Senior Data Analyst,Kforce Technology Staffing,"Fountainebleau, Miami-Dade County",United States,IT Jobs,136824.73,136824.73,True,Unknown,2026-09-10 11:54:52+00:00,"RESPONSIBILITIES: Kforce has a client in Miami, FL that is seeking a Senior Data Analyst. Key Responsibilities: * Conduct more complex data analysis and develop insights that support business objectives * Create and maintain more advanced reports and dashboards for various stakeholders * Build and maintain dbt models (staging, intermediate, mart layers) * Write and optimize SQL for data transformation and analysis * Design and enforce data testing/validation (dbt tests, source freshness checks)…",['SQL'],1,136824.73
5818187011,Data Analyst (Analytics),Decisionpoint Corporation,US,United States,IT Jobs,62241.15,62241.15,True,Unknown,2026-07-28 05:15:27+00:00,"Overview DecisionPoint seeks a Data Analyst (Analytics) to transform enterprise operational, monitoring, and performance data into actionable insights within a large federal and DoD-aligned IT mission environment. This role produces executive-level visualizations, summaries, analytical narratives, heatmaps, and trend analyses that enable informed decision making across leadership, engineering teams, and mission stakeholders. The Data Scientist (Analytics) develops robust analytical models, eval…",[],0,62241.15
5868230736,US|Data Analyst,"Judge Group, Inc.","Coppell, Dallas",United States,Accounting & Finance Jobs,85478.48,85478.48,True,Unknown,2026-09-03 00:24:33+00:00,"Location: Coppell, TX Salary: $40.00 USD Hourly - $43.00 USD Hourly Description: Position: Data Analyst Location: Coppell, TX (Hybrid) Duration: 6 Month Contract Schedule: Part-Time (20-25 Hours per Week) W2 ContractNo C2C Local Candidates Only Required Qualifications Bachelor's degree in Finance, Accounting, Business, Economics, Data Analytics, or a related field preferred. Understanding of financial statements, including Income Statements, Balance Sheets, and Cash Flow Statements . Knowledge …",[],0,85478.48
5829883763,Sr. Data Analyst,Horizontal Talent,"Highland Park, Dallas",United States,IT Jobs,94406.95,94406.95,True,Unknown,2026-08-05 21:59:15+00:00,"Join our dynamic team as a Senior Data Analyst, where you'll play a crucial role in supporting and analyzing data anomalies across various environments. This position offers an exciting opportunity to collaborate with multiple teams and contribute to complex data initiatives. Responsibilities Investigate and analyze data issues reported by business units. Collaborate with ETL, Replication, and DBA teams to document data transformations and movements. Ensure proactive support methodologies for d…",['ETL'],1,94406.95
5878492486,Cyber Data Analyst,Chenega MIOS,"Redstone Arsenal, Madison County",United States,IT Jobs,85214.77,85214.77,True,Unknown,2026-09-10 09:37:10+00:00,"Req ID: 42048 Summary Cyber Data Analyst Huntsville, AL Are you ready to enhance your skills and build your career in a rapidly evolving business climate? Are you looking for a career where professional development is embedded in your employers core culture? If so, Chenega Military, Intelligence & Operations Support (MIOS) could be the place for you! Join our team of professionals who support large-scale government operations by leveraging cutting-edge technology and take your career to the nex…",[],0,85214.77
5821832049,Technical Data Analyst,"Judge Group, Inc.","South Boston, Suffolk County",United States,IT Jobs,121586.67,121586.67,True,Unknown,2026-07-30 21:27:31+00:00,"Location: Boston, MA Salary: $55.00 USD Hourly - $60.00 USD Hourly Description: Role Overview We are seeking a highly analytical and detail-oriented Technical Data Analyst to support enterprise data quality, migration, and integration initiatives. The ideal candidate will have experience assessing, profiling, cleansing, validating, and transforming large datasets while developing reporting and integration solutions to support business and technical teams. Required Qualifications Bachelor's degr…",[],0,121586.67
5842112464,Forensic Data Analyst,"Akima, LLC","State Farm, Arlington County",United States,IT Jobs,125052.43,125052.43,True,Unknown,2026-08-14 14:29:45+00:00,"Suvi is looking for a Forensic Data Analyst to support our government client and work in Fairfax and Arlington, VA. To join our team of outstanding professionals, apply today! Responsibilities Meet with field users to determine their forensic data requirements. Perform forensic data collection and lawfully access and extract encrypted or inaccessible data from devices. Ensure conformance with Government established Forensics SOPs and regulations. Conduct full physical extractions whenever possi…",[],0,125052.43
5680356924,Data Analyst II,"Judge Group, Inc.","Bridgewater, Somerset County",United States,IT Jobs,130423.67,130423.67,True,Unknown,2026-03-27 10:11:28+00:00,"Location: Bridgewater, NJ Salary: $40.00 USD Hourly - $42.00 USD Hourly Description: Our client is currently seeking a Data Analyst II The CX Insights and Engagement Team designs and implements a best-in-class Voice of the Customer (VOC) program to drive customer-centric decision-making. This role requires strong communication, interpersonal, presentation, financial/analytical, and problem-solving skills. The ideal candidate has a proven track record in leading data-driven customer experience p…",[],0,130423.67
5880141016,Senior Data Analyst,Kforce Technology Staffing,"Southglenn, Centennial",United States,IT Jobs,154720.88,154720.88,True,Unknown,2026-09-11 18:24:10+00:00,"RESPONSIBILITIES: Kforce has a client that is seeking a Senior Data Analyst in Littleton, CO. What They're Doing: * Modernizing and optimizing enterprise data warehouse environments * Building and enhancing ETL processes, data ingestion frameworks, and streaming applications * Supporting large-scale cloud-based data platforms and analytical reporting environments * Maintaining and improving production data pipelines while troubleshooting critical data issues * Evaluating emerging AI tools and t…",['ETL'],1,154720.88
5780234086,Data Analyst Sr,Lockheed Martin Corporation,"Alabama, US",United States,Engineering Jobs,142301.0,142301.0,True,Unknown,2026-06-28 08:52:59+00:00,"Job Description You will be the Data Analyst Sr for the Production Planning & Control (PP&C) department. Our team is responsible for delivering data-driven insights that guide business decisions and improve operational performance. What You Will Be Doing As the Data Analyst Sr you will be responsible for collecting, processing, and analyzing production-planning data, turning insights into actionable recommendations, and supporting cross-functional decision-making. Your responsibilities will inc…",[],0,142301.0
5804841497,Data Analyst Senior,Lockheed Martin Corporation,"Lexington, Fayette County",United States,IT Jobs,164803.53,164803.53,True,Unknown,2026-07-17 08:19:54+00:00,"Job Description Lockheed Martin seeks a Data Analyst who will translate raw data into compelling, actionable stories that drive business and risk management decisions. The analyst will locate novel data sources, apply rigorous statistical methods, and deliver insights through dashboards, reports, and narrative visualizations while supporting the organization's data governance initiatives. Responsible for collecting, processing, and analyzing data to develop immersive stories that answer busines…",['Statistics'],1,164803.53
5863217436,Senior Data Analysts,Kforce Technology Staffing,"Tampa Palms, Hillsborough County",United States,IT Jobs,208397.75,208397.75,True,Unknown,2026-08-31 18:04:26+00:00,"RESPONSIBILITIES: Kforce is looking for Senior Data Analysts. Qualified candidates will be analyzing user requirements, business intelligence (BI) data, and trends to define functional specifications; Collecting BI data; Designing and developing robust extract, transform, load (ETL) processes; Developing and implementing complex BI tools, data warehouses, and systems using ETL, Python, Pandas, Scikit-learn, Tableau, PowerBI, Qlik, Alteryx, and QuickBase; Developing and enhancing data solutions …","['Python', 'Power BI', 'Tableau', 'Alteryx', 'ETL']",5,208397.75
5876041286,Senior Data Analyst,Kforce Technology Staffing,"Northlake, DeKalb County",United States,IT Jobs,129274.13,129274.13,True,Unknown,2026-09-08 15:44:14+00:00,"RESPONSIBILITIES: Kforce has a client in Atlanta, GA that is seeking an onsite Senior Data Analyst with 7 years of experience in analytics, reporting, and data-driven decision support. This role focuses on data extraction, ETL development, SQL and Python programming, dashboard creation, and advanced analytics to support leadership decision-making. Key Responsibilities: * Analyze and interpret complex data to identify trends, risks, and actionable insights * Extract, transform, and integrate dat…","['SQL', 'Python', 'ETL']",3,129274.13
5753308545,Senior Data Analyst,Trans Union LLC,"Schiller Park, Cook County",United States,IT Jobs,92611.16,92611.16,True,Unknown,2026-06-05 11:43:11+00:00,"TransUnion's Job Applicant Privacy Notice Personal Information We Collect Your Privacy Choices Team Overview The Senior Data Analyst will report into a Senior Manager of Data Science & Analytics. As part of the Data Analytics Team, you will help with development of TransUnion's IP Geolocation technology, leveraging IP network topology. You will be working with other Data Analytics Team members as well as Engineers and Data Scientists to help improve automation algorithms and leveraging big data…",[],0,92611.16
5830763259,Senior Data Analyst,Trans Union LLC,"Reston, Fairfax County",United States,IT Jobs,157753.83,157753.83,True,Unknown,2026-08-06 11:54:13+00:00,"TransUnion's Job Applicant Privacy Notice Personal Information We Collect Your Privacy Choices Team Overview The Senior Data Analyst will report into a Senior Manager of Data Science & Analytics. As part of the Data Analytics Team, you will help with development of TransUnion's IP Geolocation technology, leveraging IP network topology. You will be working with other Data Analytics Team members as well as Engineers and Data Scientists to help improve automation algorithms and leveraging big data…",[],0,157753.83
5830763240,Senior Data Analyst,Trans Union LLC,"White Plains, Westchester County",United States,IT Jobs,84781.26,84781.26,True,Unknown,2026-08-06 11:54:13+00:00,"TransUnion's Job Applicant Privacy Notice Personal Information We Collect Your Privacy Choices Team Overview The Senior Data Analyst will report into a Senior Manager of Data Science & Analytics. As part of the Data Analytics Team, you will help with development of TransUnion's IP Geolocation technology, leveraging IP network topology. You will be working with other Data Analytics Team members as well as Engineers and Data Scientists to help improve automation algorithms and leveraging big data…",[],0,84781.26
5830839834,Senior Data Analyst,Trans Union LLC,"Pennsylvania, US",United States,IT Jobs,85594.65,85594.65,True,Unknown,2026-08-06 13:46:09+00:00,"TransUnion's Job Applicant Privacy Notice Personal Information We Collect Your Privacy Choices Team Overview The Senior Data Analyst will report into a Senior Manager of Data Science & Analytics. As part of the Data Analytics Team, you will help with development of TransUnion's IP Geolocation technology, leveraging IP network topology. You will be working with other Data Analytics Team members as well as Engineers and Data Scientists to help improve automation algorithms and leveraging big data…",[],0,85594.65
5830745057,Senior Data Analyst,Trans Union LLC,"Highland Beach, Palm Beach County",United States,IT Jobs,78111.61,78111.61,True,Unknown,2026-08-06 11:41:30+00:00,"TransUnion's Job Applicant Privacy Notice Personal Information We Collect Your Privacy Choices Team Overview The Senior Data Analyst will report into a Senior Manager of Data Science & Analytics. As part of the Data Analytics Team, you will help with development of TransUnion's IP Geolocation technology, leveraging IP network topology. You will be working with other Data Analytics Team members as well as Engineers and Data Scientists to help improve automation algorithms and leveraging big data…",[],0,78111.61
5866190487,Data Analyst III,"Judge Group, Inc.","Schiller Park, Cook County",United States,IT Jobs,113267.48,113267.48,True,Unknown,2026-09-01 22:34:01+00:00,"Location: Chicago, IL Salary: $45.00 USD Hourly - $50.00 USD Hourly Description: Title : Data Analyst III location: Chicago, IL Remote Contract | 3 Months Summary: This individual is charged with creating and delivering actionable insights that influence business decisions in the areas of strategy, business planning, competition, KPI development, and new/existing initiatives for analysis and operational optimization. In addition to the data and analysis collected and presented to the supported …",[],0,113267.48
5877430969,Senior Data Analyst,Randstad Digital,"Deerfield Beach, Broward County",United States,IT Jobs,86021.9,86021.9,True,Unknown,2026-09-09 13:41:13+00:00,"job summary: Join a premier enterprise organization and play a pivotal role in transforming complex data into actionable, scalable solutions that drive strategic growth. You will partner closely with diverse teams to design data solutions, champion governance, and deliver high-impact analytics. This direct-hire opportunity offers a comprehensive benefits package including medical, dental, and vision coverage. location: Deerfield Beach, Florida job type: Contract salary: $60 - 70 per hour work h…",[],0,86021.9
5845899640,Sr Data Analyst,Horizontal Talent,"Eden Prairie, Hennepin County",United States,IT Jobs,79669.47,79669.47,True,Unknown,2026-08-17 22:45:26+00:00,"Join a dynamic enterprise data team as a Senior Data Engineer supporting large-scale healthcare data solutions in a highly collaborative environment. This role offers the opportunity to work on meaningful data warehousing and integration initiatives using modern Microsoft Azure technologies, Snowflake, and healthcare data standards. Responsibilities Design, build, and support data pipelines and ETL solutions for complex healthcare data environments. Develop and maintain solutions using Azure Da…","['Azure', 'ETL']",2,79669.47
5867068524,"Senior Data Analyst, Strategic Marketing",Vanguard,"Frazer, Chester County",United States,IT Jobs,122898.41,122898.41,True,Unknown,2026-09-02 07:52:43+00:00,"hackajob is collaborating with Vanguard to connect them with exceptional professionals for this role. As a Senior Data Analyst, you will play a pivotal role in leveraging analytics across the marketing ecosystem to shape strategy, measure performance, and drive business outcomes. The ideal candidate thrives in ambiguity, communicates effectively, and brings a consultative mindset to problem-solving. Are you passionate about turning data into actionable insights? Do you thrive in a collaborative…",[],0,122898.41
5870526151,Security Engineering Governance & Data Analyst,Vanguard,"Frazer, Chester County",United States,IT Jobs,117527.2,117527.2,True,Unknown,2026-09-04 07:26:34+00:00,"hackajob is collaborating with Vanguard to connect them with exceptional professionals for this role. The Security Engineering Governance & Data Analyst is responsible for providing data-driven visibility into technology performance, operational health, technology initiatives, and technology financial management across SAEP. This role develops executive reporting, analytics, and governance processes that enable leaders to monitor progress, manage risks, and optimize technology investments. Work…",[],0,117527.2
5876206675,Lead Solutions Analyst-Data Analyst,J.P. Morgan,"Houston, Houston County",United States,IT Jobs,93025.06,93025.06,True,Unknown,2026-09-08 19:48:23+00:00,"hackajob is collaborating with J.P. Morgan to connect them with exceptional professionals for this role. JOB DESCRIPTION Job Description As a Lead Solutions Analyst at JPMorganChase within the Corporate Technology, you review business requirements and ensure that the complete scope of business needs is articulated. Your deep understanding of applications, platforms, and products will position you as a key bridge between product owners, business, operations, and software developers. Utilizing ad…",[],0,93025.06
5735320963,Data Analyst /Data Analytics,"Rayomind Software Solutions LLC, DBA, Hire'in Solutions","Santa Clara, Santa Clara County",United States,IT Jobs,119774.95,119774.95,True,Unknown,2026-05-20 14:13:10+00:00,"Job Title: Data Analyst / Data Analytics Location: Santa Clara, CA (Onsite) Duration: C2C/W2 Job Description:- Need profiles with Strong SQL, Tableau & Data Analytics (Instead of Data Analyst), Databricks and AWS and Supply chain domain Strong in advance SQL Good at data analysis Should be able to build BI dashboards using Tableau & Power BI Experience in Databricks, AWS and Python Candidate should be able to assist business stakeholders to build their dashboards Supply chain domain knowledge S…","['SQL', 'Python', 'Power BI', 'Tableau', 'AWS']",5,119774.95
5877261860,Data Analyst Data Integration,Techgene Solutions LLC,US,United States,IT Jobs,94952.68,94952.68,True,Unknown,2026-09-09 11:47:32+00:00,"Data Analyst Data Integration & Enablement 4 yrs mid-level Location: Remote Contract: 5 months Job Description: The Data Analyst will support data integration and enablement initiatives within a banking environment, combining data analysis and business analysis responsibilities. This role will focus on improving customer understanding and segmentation by documenting customer data, tracing how information moves across systems, and identifying gaps that could improve customer needs analysis and s…",[],0,94952.68
5883204337,Federal Law Enforcement Data Analyst,Guidehouse,"Crystal, Arlington County",United States,Accounting & Finance Jobs,87627.14,87627.14,True,Unknown,2026-09-13 23:44:05+00:00,"Job Family : Technology Consulting Travel Required : None Clearance Required : Ability to Obtain Public Trust What You Will Do : Guidehouse is seeking a Data Analyst ​to support a federal law enforcement agency by delivering data-driven insights, performance reporting, and operational analytics that enhance acquisition and procurement decision-making enterprise-wide. They will partner closely with senior leadership, including executives and branch chiefs, to analyze complex financial and procur…",[],0,87627.14
5881168753,Data Analyst,Utah Transit Authority,"Salt Lake City, Salt Lake County",United States,Consultancy Jobs,86129.27,86129.27,True,full_time,2026-09-12 12:14:28+00:00,"Utah Transit Authority Description As a Data Analyst you will: Direct and develop initiatives to improve quality, financial viability, sustainability and efficiency of services offered by the business unit. Facilitate business unit planning by developing and maintaining strategic analytical and financial tools. Collaborate with other UTA departments to make recommendations on strategic variables such as definition of new markets, service standards, benchmarking, pricing/fare policies, and custo…",[],0,86129.27
5864098405,"Principal Data Analyst, Data Products",Eliassen Group,"Raleigh, Wake County",United States,IT Jobs,119177.33,119177.33,True,Unknown,2026-09-01 04:25:25+00:00,"Description: Hybrid onsite as needed for leadership meetings in either Raleigh, NC or Charlotte, NC or Tempe, AZ Our client seeks a Principal Data Analyst, Data Products to lead enterprise data governance, quality, reporting, and analytics. The role drives transformational change through innovative solutions, establishes documentation standards, and provides strategic consultation to leadership and cross-functional stakeholders. The position mentors consultants and aligns initiatives with organ…",[],0,119177.33
5528367581,Energy Data Analyst (CT),Bridge Energy,"Hartford, Hartford County",United States,"Energy, Oil & Gas Jobs",107412.89,107412.89,True,Unknown,2025-12-04 16:10:39+00:00,"Bridge Energy Services (BES) is seeking an Energy Data Analyst with educational or work experience with energy and utilities data. Analyst will provide service and analytical excellence to internal and external stakeholders with the end goal to help clients reduce energy spend, consumption, emissions and risk. Create positive change for people and clients Make a difference at a small company Become exposed to every aspect of the energy business Work independently and as a team Responsibilities …",[],0,107412.89
5827403307,Single Family Data Analyst,Freddie Mac,"Mc Lean, Fairfax County",United States,IT Jobs,92650.11,92650.11,True,full_time,2026-08-04 01:21:16+00:00,"At Freddie Mac, our mission of Making Home Possible is what motivates us, and it's at the core of everything we do. Since our charter in 1970, we have made home possible for more than 90 million families across the country. Join an organization where your work contributes to a greater purpose. Single-Family Data Analyst At Freddie Mac, you will do important work to build a better housing finance system, and you'll be part of a team helping to make homeownership and rental housing more accessibl…",[],0,92650.11
5867410684,"Risk Data Analyst, Staff",Bill.com,"Grand Central, Manhattan",United States,IT Jobs,118760.95,118760.95,True,full_time,2026-09-02 13:21:48+00:00,"At BILL, we believe in empowering the businesses that drive our economy. By replacing outdated financial processes with innovative tools, we help businesses—from startups to established brands—make smarter decisions and gain control of their operations. And we don’t stop there: we’re creating the future of financial automation so businesses can spend more time on what matters. Working here means you become part of a vision-driven team that’s ready to tackle challenges and build cutting-edge sol…",[],0,118760.95
5867410664,"Risk Data Analyst, Staff",Bill.com,"Northlake, DeKalb County",United States,IT Jobs,103743.91,103743.91,True,full_time,2026-09-02 13:21:47+00:00,"At BILL, we believe in empowering the businesses that drive our economy. By replacing outdated financial processes with innovative tools, we help businesses—from startups to established brands—make smarter decisions and gain control of their operations. And we don’t stop there: we’re creating the future of financial automation so businesses can spend more time on what matters. Working here means you become part of a vision-driven team that’s ready to tackle challenges and build cutting-edge sol…",[],0,103743.91
5867410665,"Risk Data Analyst, Staff",Bill.com,"San Diego, San Diego County",United States,IT Jobs,118005.42,118005.42,True,full_time,2026-09-02 13:21:47+00:00,"At BILL, we believe in empowering the businesses that drive our economy. By replacing outdated financial processes with innovative tools, we help businesses—from startups to established brands—make smarter decisions and gain control of their operations. And we don’t stop there: we’re creating the future of financial automation so businesses can spend more time on what matters. Working here means you become part of a vision-driven team that’s ready to tackle challenges and build cutting-edge sol…",[],0,118005.42
5867410832,"Risk Data Analyst, Staff",Bill.com,"Textile Finance, Los Angeles County",United States,IT Jobs,109444.12,109444.12,True,full_time,2026-09-02 13:23:06+00:00,"At BILL, we believe in empowering the businesses that drive our economy. By replacing outdated financial processes with innovative tools, we help businesses—from startups to established brands—make smarter decisions and gain control of their operations. And we don’t stop there: we’re creating the future of financial automation so businesses can spend more time on what matters. Working here means you become part of a vision-driven team that’s ready to tackle challenges and build cutting-edge sol…",[],0,109444.12
5867410838,"Risk Data Analyst, Staff",Bill.com,"Hayes Valley, San Francisco",United States,IT Jobs,110655.68,110655.68,True,full_time,2026-09-02 13:23:06+00:00,"At BILL, we believe in empowering the businesses that drive our economy. By replacing outdated financial processes with innovative tools, we help businesses—from startups to established brands—make smarter decisions and gain control of their operations. And we don’t stop there: we’re creating the future of financial automation so businesses can spend more time on what matters. Working here means you become part of a vision-driven team that’s ready to tackle challenges and build cutting-edge sol…",[],0,110655.68
5867410820,"Risk Data Analyst, Staff",Bill.com,"Schiller Park, Cook County",United States,IT Jobs,110003.22,110003.22,True,full_time,2026-09-02 13:23:06+00:00,"At BILL, we believe in empowering the businesses that drive our economy. By replacing outdated financial processes with innovative tools, we help businesses—from startups to established brands—make smarter decisions and gain control of their operations. And we don’t stop there: we’re creating the future of financial automation so businesses can spend more time on what matters. Working here means you become part of a vision-driven team that’s ready to tackle challenges and build cutting-edge sol…",[],0,110003.22
5867410882,"Risk Data Analyst, Staff",Bill.com,"Bee Cave, Travis County",United States,IT Jobs,95175.98,95175.98,True,full_time,2026-09-02 13:23:07+00:00,"At BILL, we believe in empowering the businesses that drive our economy. By replacing outdated financial processes with innovative tools, we help businesses—from startups to established brands—make smarter decisions and gain control of their operations. And we don’t stop there: we’re creating the future of financial automation so businesses can spend more time on what matters. Working here means you become part of a vision-driven team that’s ready to tackle challenges and build cutting-edge sol…",[],0,95175.98
5867410927,"Risk Data Analyst, Staff",Bill.com,"South Boston, Suffolk County",United States,IT Jobs,116669.11,116669.11,True,full_time,2026-09-02 13:23:33+00:00,"At BILL, we believe in empowering the businesses that drive our economy. By replacing outdated financial processes with innovative tools, we help businesses—from startups to established brands—make smarter decisions and gain control of their operations. And we don’t stop there: we’re creating the future of financial automation so businesses can spend more time on what matters. Working here means you become part of a vision-driven team that’s ready to tackle challenges and build cutting-edge sol…",[],0,116669.11
5867410818,"Risk Data Analyst, Staff",Bill.com,"Elkins Park, Montgomery County",United States,IT Jobs,124895.82,124895.82,True,full_time,2026-09-02 13:23:06+00:00,"At BILL, we believe in empowering the businesses that drive our economy. By replacing outdated financial processes with innovative tools, we help businesses—from startups to established brands—make smarter decisions and gain control of their operations. And we don’t stop there: we’re creating the future of financial automation so businesses can spend more time on what matters. Working here means you become part of a vision-driven team that’s ready to tackle challenges and build cutting-edge sol…",[],0,124895.82
5867410822,"Risk Data Analyst, Staff",Bill.com,"Campbell, Santa Clara County",United States,IT Jobs,108787.61,108787.61,True,full_time,2026-09-02 13:23:06+00:00,"At BILL, we believe in empowering the businesses that drive our economy. By replacing outdated financial processes with innovative tools, we help businesses—from startups to established brands—make smarter decisions and gain control of their operations. And we don’t stop there: we’re creating the future of financial automation so businesses can spend more time on what matters. Working here means you become part of a vision-driven team that’s ready to tackle challenges and build cutting-edge sol…",[],0,108787.61
5867410736,"Risk Data Analyst, Staff",Bill.com,"Highland Park, Dallas",United States,IT Jobs,101275.27,101275.27,True,full_time,2026-09-02 13:22:14+00:00,"At BILL, we believe in empowering the businesses that drive our economy. By replacing outdated financial processes with innovative tools, we help businesses—from startups to established brands—make smarter decisions and gain control of their operations. And we don’t stop there: we’re creating the future of financial automation so businesses can spend more time on what matters. Working here means you become part of a vision-driven team that’s ready to tackle challenges and build cutting-edge sol…",[],0,101275.27
5867410727,"Risk Data Analyst, Staff",Bill.com,"Washington, Washington, D.C.",United States,IT Jobs,98850.39,98850.39,True,full_time,2026-09-02 13:22:14+00:00,"At BILL, we believe in empowering the businesses that drive our economy. By replacing outdated financial processes with innovative tools, we help businesses—from startups to established brands—make smarter decisions and gain control of their operations. And we don’t stop there: we’re creating the future of financial automation so businesses can spend more time on what matters. Working here means you become part of a vision-driven team that’s ready to tackle challenges and build cutting-edge sol…",[],0,98850.39
5867410750,"Risk Data Analyst, Staff",Bill.com,US,United States,IT Jobs,81901.65,81901.65,True,full_time,2026-09-02 13:22:17+00:00,"At BILL, we believe in empowering the businesses that drive our economy. By replacing outdated financial processes with innovative tools, we help businesses—from startups to established brands—make smarter decisions and gain control of their operations. And we don’t stop there: we’re creating the future of financial automation so businesses can spend more time on what matters. Working here means you become part of a vision-driven team that’s ready to tackle challenges and build cutting-edge sol…",[],0,81901.65
5867410726,"Risk Data Analyst, Staff",Bill.com,"Trammells, Harris County",United States,IT Jobs,105070.87,105070.87,True,full_time,2026-09-02 13:22:14+00:00,"At BILL, we believe in empowering the businesses that drive our economy. By replacing outdated financial processes with innovative tools, we help businesses—from startups to established brands—make smarter decisions and gain control of their operations. And we don’t stop there: we’re creating the future of financial automation so businesses can spend more time on what matters. Working here means you become part of a vision-driven team that’s ready to tackle challenges and build cutting-edge sol…",[],0,105070.87
5819759774,Clinical Data Analyst - Pharmacy,Stamford American International Hospital,"Stanford, Santa Clara County",United States,Healthcare & Nursing Jobs,87790.58,87790.58,True,full_time,2026-07-29 08:28:14+00:00,"1.0 FTE Full time Day - 08 Hour R2658465 Hybrid 108390019 Pharmacy IP Ancillary 900 Welch Technology & Digital Solutions PALO ALTO, 900 Welch Rd, California If youre ready to be part of our legacy of hope and innovation, we encourage you to take the first step and explore our current job openings. Your best is waiting to be discovered. Day - 08 Hour (United States of America) This is a Stanford Health Care job. A Brief Overview Write reports, perform complex data analysis of clinical, financial…",[],0,87790.58
5865840909,Data Analyst Co-Op,Emerson,"Marshalltown, Marshall County",United States,IT Jobs,53777.09,53777.09,True,Unknown,2026-09-01 19:57:10+00:00,"JOB DESCRIPTION In This Role, Your Responsibilities Will Be: Assist in designing data architecture and organizing data from manufacturing and global service partners, as well as front end ordering systems Develop and implement automated routines for data collection, pre-processing, and integrity checks in preparation for analysis Collaborate with research and data science teams to perform exploratory data analytics, identifying trends and data features Contribute to planning and road mapping ne…",[],0,53777.09
5861172148,APG - Data Analyst,"Motion Recruitment Partners, LLC",US,United States,IT Jobs,62046.7,62046.7,True,Unknown,2026-08-29 10:09:52+00:00,"Our Client is seeking an APG Data Analyst for a long term, remote, contract opportunity. The ideal Data Analyst for their team is adept in current computing technologies, highly organized and team-oriented, and pays attention to detail. Contract Duration: 1 year The Data Analyst is responsible for creating and maintaining all aspects of data within the management system. This includes process and maintain product and vehicle data and reports directly to IT Manager. Clean, organized product and …",[],0,62046.7
5878800352,Business Data Analyst,"Symbioun Technologies, Inc","Forbes Village, Hartford County",United States,IT Jobs,76620.45,76620.45,True,Unknown,2026-09-10 13:43:53+00:00,"The Business Data Analyst will be responsible for performing requirements planning, monitoring, and management. They will independently conduct data analysis, data discovery, and data profiling using industry standard querying tools to support the development of clear and unambiguous business requirements. This role will involve maintaining data mapping documents and other data design artifacts to define business data requirements and transformation rules. Gather requirements from business unit…",[],0,76620.45
5876869978,Data Analyst,Ignisov Consulting Services,"Bangalore, Karnataka",India,IT Jobs,,,False,full_time,2026-09-09 14:44:26+00:00,"Role: Data Analyst Job Type: Full-time (Hybrid) Job Location: Bangalore Experience: 6 years Notice Period: Immediate to 30 Days Job Description: Must have strong experience in the Manufacturing domain. Experience working with SAP and Non-SAP data. Strong knowledge of SQL and Python/R. Experience with Azure Data Factory (ADF) and Databricks. Strong understanding of Data Modelling, ETL, Data Mapping, and Data Quality. Experience with Power BI, Tableau, or Looker. Analyze large and complex dataset…","['SQL', 'Python', 'Power BI', 'Tableau', 'R', 'Azure', 'Looker', 'ETL']",8,
5867038166,Data Analyst,Edwagon,"Bangalore, Karnataka",India,IT Jobs,,,False,full_time,2026-09-02 16:44:13+00:00,"Company Description Edwagon is a growing organization focused on using data-driven insights to improve decision-making and business performance. The company values analytical thinking, collaboration, and continuous learning, and encourages team members to explore innovative approaches to solving complex problems. Edwagon offers opportunities to work with diverse datasets, modern tools, and cross-functional teams. Professionals joining Edwagon can expect a supportive environment that recognizes …",[],0,
5874134576,Data Analyst,KRFS,"Karnataka, India",India,IT Jobs,,,False,Unknown,2026-09-07 18:37:51+00:00,"We are looking for a Data Analyst who can collect, analyze, interpret, and visualize business and financial data to support strategic decision-making. The ideal candidate should have strong analytical skills, attention to detail, and the ability to convert complex data into meaningful business insights. Key Responsibilities Collect, clean, validate, and analyze data from multiple sources. Prepare regular and ad-hoc business performance reports. Develop dashboards and data visualizations for man…",[],0,
5864442719,Data Analyst,HCLTech,"Hyderabad, Telangana",India,IT Jobs,,,False,Unknown,2026-09-01 16:23:16+00:00,"HACKATHON - 29th Aug 26 - Planning for 2 skills GCP Data engineer - 11 positions , Band E - 8 yrs Data Analyst - 17, Band E - 8 yrs Location : Chennai/ Hyderabad/Bangalore Data analyst - JD Advanced SQL (BigQuery ideally) for querying and data manipulation Data quality checks, validation and reconciliation Working knowledge of data warehouse / lake concepts would be a bonus. GCP Data Engineer - JD Big query, DBT, pyspark Interview Process : Hacker-rank (coding test) - weekdays if possible Hacka…","['SQL', 'Big Query']",2,
5883564040,Data Analyst,Delta Analytics AI,India,India,IT Jobs,,,False,full_time,2026-09-14 17:18:47+00:00,"Company Description Delta Analytics AI helps simplify and scale ecommerce businesses with the power of artificial intelligence. Our innovative solutions include live dashboards integrated with all ecommerce channels, automation of purchase orders, and tools for monitoring pricing, availability, and share of search. We provide actionable insights that drive operational efficiency and sustainable growth. Our commitment is to empower businesses to excel in the competitive ecommerce landscape. Role…",['Excel'],1,
5868794225,Data Analyst,Indofast Energy,India,India,IT Jobs,,,False,Unknown,2026-09-03 16:50:23+00:00,"About the Role : We are looking for a highly analytical and detail-oriented Data Analyst to join our Business Development Team. The ideal candidate should have strong skills in data handling, statistical analysis, and visualization tools, along with the ability to translate data into meaningful insights. Key Responsibilities : Data Analysis : - Collect, clean, and validate large datasets from multiple sources - Analyze data to identify trends, patterns, and actionable insights - Develop and mai…",['Statistics'],1,
5864443196,Data Analyst,Nians,India,India,IT Jobs,,,False,Unknown,2026-09-01 16:23:20+00:00,"About the Role We are looking for a detail-oriented and analytical Data Analyst to join our remote team. The ideal candidate will collect, analyze, and interpret data to uncover actionable insights that support business decisions, improve marketing performance, and optimize operational efficiency. You will work closely with cross-functional teams to transform complex data into meaningful reports and recommendations. The Data Analyst will be responsible for collecting, cleaning, and analyzing da…",[],0,
5880951714,Data Analyst,HRM Counsel,India,India,IT Jobs,,,False,Unknown,2026-09-12 17:19:47+00:00,"We are looking to hire a data analyst to join our data team. You will take responsibility for managing our master data set, developing reports, and troubleshooting data issues. To do well in this role you need a very fine eye for detail, experience as a data analyst, and a deep understanding of the popular data analysis tools and databases. Responsibilities: Managing master data, including creation, updates, and deletion. Managing users and user roles. Provide quality assurance of imported data…",[],0,
5876645051,Data Analyst,Cornerstone OnDemand,"Pune, Maharashtra",India,IT Jobs,,,False,full_time,2026-09-09 10:19:37+00:00,"This job is with Cornerstone OnDemand, an inclusive employer and a member of myGwork – the largest global platform for the LGBTQ business community. Please do not contact the recruiter directly. Data Analyst - Enterprise Data Management Location: Hyderabad, India About the Role: We are seeking an experienced Data Analyst to join our Enterprise Data Management team , with a core focus on Data Quality, Data Governance, and Master Data Management (MDM). In this role, you will be responsible for an…",[],0,
5864432449,Data Analyst,EXL,"Chennai, Tamil Nadu",India,IT Jobs,,,False,Unknown,2026-09-01 16:21:54+00:00,"Bachelor’s degree with minimum 6 years’ experience as Data Analyst ● Highly numerate and passionate about data and analytics ● Excellent analytical and problem-solving skills, with knowledge of SQL & Data Visualization best practices. ● Self-starter with ability to work on own initiative and strong attention to detail, completing tasks to a very high degree of accuracy. ● Strong communication and presentation skills, able to evidence proven ability engage with senior stakeholders and influence …",['SQL'],1,
5864426421,Data Analyst,WhiteLotus Talent Partners,"Hyderabad, Telangana",India,IT Jobs,,,False,full_time,2026-09-01 16:20:48+00:00,Job Title- Data Analyst Location- Bangalore / Hyderabad Mode- Onsite Job Type: Full-Time Must have Skill: Python scripts Domain Insurance Required Skills & Experience • Good hands-on experience to create Python scripts for data frames and data analysis • Proven ability to analyze large datasets and identify data quality or consistency issues • Experience working directly with business users and translating business questions into requirements • Excellent communication skills (verbal and written…,['Python'],1,
5867036037,Data Analyst,Daice Labs,India,India,IT Jobs,,,False,full_time,2026-09-02 16:42:41+00:00,"Job Title: Data Analyst Location: India (Remote) Employment Type: Full-time About Daice Labs Daice Labs is an AI research and product company founded by MIT CSAIL scientists, headquartered in Brookline, MA. The company develops hybrid AI systems that integrate neurosymbolic methods with machine learning to build auditable, adaptive, and governable AI. Daice Labs operates two integrated divisions: a research lab focused on hybrid AI architectures, and Cofabric, a governed AI execution platform f…",['Machine Learning'],1,
5871991896,Data Analyst,Persistent Systems,"Hyderabad, Telangana",India,IT Jobs,,,False,full_time,2026-09-05 18:30:21+00:00,"About Position: We are seeking a highly skilled Data Engineer cum Data Analyst with strong expertise in Hadoop Ecosystem, Google Cloud Platform (GCP), Data Analytics, and Project Management. The ideal candidate will possess hands-on experience in designing scalable data platforms, building data pipelines, performing advanced analytics, and leading end-to-end data initiatives. This role requires a blend of technical expertise, business analysis, stakeholder management, and project delivery capab…",[],0,
5883562726,Data Analyst,HTC Global Services,"Hyderabad, Telangana",India,IT Jobs,,,False,Unknown,2026-09-14 17:17:47+00:00,"We are seeking a highly skilled and detail-oriented Senior Data Analyst / Data Governance Specialist with 7 years of experience to drive data-driven decision-making and ensure robust data governance practices. The ideal candidate will have strong expertise in data analysis, SQL, data modeling, and governance frameworks , along with the ability to translate business requirements into actionable insights. Key Responsibilities Data Analysis & Insights Analyze large volumes of structured and unstru…",['SQL'],1,
5867036109,Data Analyst,Pharmanovia,"Mumbai, Maharashtra",India,IT Jobs,,,False,Unknown,2026-09-02 16:42:43+00:00,"Pharmanovia is a dynamic, fast-growing international pharmaceutical company with a portfolio of over 20 brands across more than 160 markets. Our mission is to improve patient health globally through the revitalisation of niche, tried-and-trusted medicines. Our core behaviours are: We act decisively but we never compromise on quality. We keep our promises and do as we say. We value our heritage and foster an entrepreneurial spirit. We reinvest in our future – in our products, our brands and our …",[],0,
5864436500,Data Analyst,MS CLINICAL RESEARCH,"Bangalore, Karnataka",India,IT Jobs,,,False,full_time,2026-09-01 16:22:30+00:00,"Job Title : Data Analyst (Statistician) Location : Indiranagar, Bangalore Job Type : Full-time Experience : 2-4 years Job Overview We are looking for a skilled Data Management Specialist to support data validation, analysis, and reporting for clinical and preclinical studies. The role involves ensuring data accuracy, resolving discrepancies, and generating insights to support research objectives. Ideal candidates will be detail-oriented, collaborative, and experienced in data handling and compl…",['Statistics'],1,
5864431843,Data Analyst,Arcana,"Coimbatore, Tamil Nadu",India,IT Jobs,,,False,Unknown,2026-09-01 16:21:48+00:00,"About Arcana Arcana is a portfolio intelligence platform used by hedge funds and asset managers to analyze performance and risk. We’re rethinking the tools institutional investors rely on—and we’re hiring analysts who want to help drive that transformation. Role Overview We are looking for a Data Analyst to work with large-scale financial datasets, ensure high data quality, and deliver actionable insights through dashboards and reports. The role focuses on building and maintaining robust data q…",[],0,
5880953033,Data Analyst,Persistent Systems,India,India,IT Jobs,,,False,full_time,2026-09-12 17:20:59+00:00,"About Position: We are seeking an experienced Data Analyst Healthcare (Azure Databricks) with 8 years of experience in healthcare data analytics, data profiling, source-to-target mapping, and modern cloud-based data platforms. The ideal candidate will possess strong expertise in healthcare claims data, advanced SQL development, Azure Databricks, and business data analysis. This role will act as a critical bridge between business stakeholders, data engineering teams, analytics teams, and AI/ML i…","['SQL', 'Azure']",2,
5868791758,Data Analyst,EaseMyTrip.com,India,India,IT Jobs,,,False,Unknown,2026-09-03 16:48:56+00:00,"About the Role As a Data Analyst at EaseMyTrip.com, you will be crucial in analyzing travel data to drive business insights and decisions. Your role involves harnessing large sets of data to identify trends, forecast demand, and optimize our services to enhance customer satisfaction. You will collaborate closely with various departments, including marketing, sales, and customer service, to support our mission of delivering exceptional travel experiences. This position is key to driving data-dri…",[],0,
5876870721,Data Analyst,Navi,India,India,IT Jobs,,,False,Unknown,2026-09-09 14:45:05+00:00,"About the Team The Analytics team at Navi plays a pivotal role in driving data-informed decision-making across the organization. We work closely with all business functions to generate insights, build visibility, and validate hypotheses that shape strategy and execution. Our work spans five key verticals: Business and Product Analytics, Credit & Credit Risk Analytics, Collections & Biz-fin Analytics, Self-Serve and Automation. About the Role Data analyst is a key role within the Navi central an…",[],0,
5870527563,Data Analyst,Innodata Inc.,India,India,IT Jobs,,,False,Unknown,2026-09-04 16:57:30+00:00,"Mandatory skills: Translate business needs into technical specifications and BI solutions. Design, build, and deploy BI solutions (reports, dashboards, semantic models). Develop, optimize, and maintain ETL processes to integrate data from multiple sources. Maintain and improve data warehouses and analytics platforms, including OLAP cubes or tabular models. Write and optimize complex SQL queries and perform ad-hoc data analysis. Create clear, interactive reports and visualizations using BI tools…","['SQL', 'ETL']",2,
5864594008,Data Analyst,ShrinQ Consulting Group Inc,India,India,IT Jobs,,,False,Unknown,2026-09-01 18:21:19+00:00,"The ideal candidate will use their passion for big data and analytics to provide insights to the business covering a range of topics. They will be responsible for conducting both recurring and ad hoc analysis for business users. Responsibilities Understand the day-to-day issues that our business faces, which can be better understood with data Compile and analyze data related to business' issues Develop clear visualizations to convey complicated data in a straightforward fashion Qualifications B…",[],0,
5864437013,Data Analyst,Midtown Software,"Chandigarh, India",India,Consultancy Jobs,,,False,Unknown,2026-09-01 16:22:33+00:00,"The ideal candidate will use their passion for big data and analytics to provide insights to the business covering a range of topics. The main field of Analysis will be the data on NatGasHub.com and the Energy Industry of the US and Canada. Timings-9:00 am to 6:00 pm Direct exposure to working with U.S. and Canadian clients. Responsibilities Understand the day-to-day issues that our business faces, which can be better understood with data Coordinate with the team to complete tasks Making sure t…",[],0,
5864426729,Data Analyst,Straive,India,India,Scientific & QA Jobs,,,False,Unknown,2026-09-01 16:20:52+00:00,"Job Description: This is an individual-contributor role within the Content Strategy team in Norstella Content Operations, reporting to the Director, Analytics & Insights (Clinical RWD/RWE Solutions). It is a hands-on technical role that turns approved clinical specifications and business rules into robust, scalable, production-grade RWD pipelines and analytical outputs. Clinical qualification is not required; deep technical fluency in real-world data engineering and analytics is. The role is UK…",[],0,
5879668539,Data Analyst,Lonza,"Hyderabad, Telangana",India,IT Jobs,,,False,Unknown,2026-09-11 17:16:32+00:00,"This is going to be a contractual role for 1 year  1 year (Extendable) Preferred: Immediate joiners or currently serving notice with less than 20 days Location: Hyderabad (located in Hyderabad only) About the Role Are you a data professional who bridges the gap between complex coding and real-world business strategy? Do you know how to extract messy corporate data, build predictive algorithms, and turn those models into beautiful, executive-ready dashboards? Lonza is seeking a Manager, Supply C…",[],0,
5867036118,Data Analyst,Mobily Infotech,India,India,Sales Jobs,,,False,Unknown,2026-09-02 16:42:44+00:00,"Job Purpose To support the design, calculation, validation, control, and payment of sales incentives, commissions, and performance-based rewards across Consumer Sales channels. The role is responsible for KPI monitoring, commission accuracy, scheme compliance, reporting, financial controls, and coordination with stakeholders to ensure timely and accurate incentive processing. Experience 2-5 years of experience in sales operations, incentive management, commission administration, finance, or per…",[],0,
5882598341,Data Analyst,Innova ESI,"Bangalore, Karnataka",India,IT Jobs,,,False,Unknown,2026-09-13 17:22:39+00:00,"About the Company We are a leading firm in the financial services industry, dedicated to providing innovative solutions to our clients. Our mission is to enhance the security and efficiency of financial transactions while fostering a culture of integrity and collaboration. About the Role The Business Analyst will play a crucial role in analyzing fraud patterns and developing strategies to mitigate risks. This position requires a strong understanding of SQL and Python to extract and manipulate d…","['SQL', 'Python']",2,
5882598382,Data Analyst,Tata Consultancy Services,India,India,IT Jobs,,,False,Unknown,2026-09-13 17:22:40+00:00," Hiring: Data Analytics Consultant | Azure  Power BI | Gurgaon | 0-30 Days Joiners We are looking for a talented Data Analytics Professional with expertise in Azure, Power BI, strong analytical skills, and stakeholder management to join our dynamic team.  Location: Gurgaon  Experience: 6-10 Years ⏳ Notice Period: 0-30 Days Key Responsibilities ✅ Analyze complex business data and provide actionable insights to drive decision-making. ✅ Design, develop, and maintain interactive dashboards and repo…","['Power BI', 'Azure']",2,
5864431665,Data Analyst,Mastek,"Noida, Ghaziabad",India,IT Jobs,,,False,Unknown,2026-09-01 16:21:47+00:00,Key Responsibilities Customization and configuration of solutions/platforms Data Integration activities Implementation and deployment support Data Validation and quality checks Dashboard development and reporting Mandatory Skills Strong SQL proficiency Good reading and comprehension skills Experience in Data Integration and ETL processes Strong written communication skills Preferred Experience US Healthcare domain experience is preferred Candidates from other domains may also be considered if t…,"['SQL', 'ETL']",2,
5864422728,Data Analyst / Data Engineer,DocOnline,"Hyderabad, Telangana",India,IT Jobs,,,False,full_time,2026-09-01 16:19:58+00:00,"Job Title: Data Analyst/ Data Engineer Location: Hyderabad Position Type: Full-time Job Overview: Database engineer with experience in Database management, Data analytics, good knowledge in writing queries to extract the data, automate the report generation through reporting tools. Key Responsibilities: Plan and define the overall data analytics architecture Establish data governance to ensure data quality & security Design end-to-end analytics solutions including Data ingestion, Data storage, …",[],0,
5875602676,Data Analyst - Data Governance,HDFC Bank,"Mumbai, Maharashtra",India,IT Jobs,,,False,Unknown,2026-09-08 18:41:09+00:00,"Job Purpose Experience: 5 to 11 years of experience. The purpose of the role is to ensure that the discipline of Data Governance is driven throughout the Bank. The person will be responsible for developing data artifacts, monitoring and reporting on the Bank’s data related policies, standards, practices, processes and ensure adherence to the same. JR Monitoring of Data Management/Governance Policies, Procedures, Processes, Standards and Control Providing inputs and recommendation on Data practi…",[],0,
5868789197,Data Analyst Trainer,Techchampp technologies,"Vijayawada, Krishna",India,IT Jobs,,,False,Unknown,2026-09-03 16:48:18+00:00," WE’RE HIRING | DATA ANALYST TRAINER  We are looking for an experienced and passionate Data Analyst Trainer to join our team in Vijayawada .  Experience: More than 5 years  Position: Data Analyst Trainer  Location: Vijayawada  Joining: Immediate  What We’re Looking For: ✅ 5 years of experience in Data Analytics ✅ Strong expertise in Excel, SQL, Power BI/Tableau ✅ Knowledge of Data Cleaning, Transformation & Statistical Analysis ✅ Excellent communication and presentation skills ✅ Strong training…","['SQL', 'Power BI', 'Tableau', 'Excel', 'Statistics']",5,
5880953830,Data Analyst / Engineer,TechVise Consulting,India,India,IT Jobs,,,False,part_time,2026-09-12 17:21:28+00:00,"Data Analyst / Data Engineer Part-Time, Hourly Remote – India We are seeking experienced Data Analysts and Data Engineers based in India for a flexible, remote opportunity providing specialized data and technical support on an hourly, as-needed basis . This opportunity is intended for experienced professionals who are interested in taking on additional professional work outside their regular working hours. Candidates should be available during mutually agreed U.S. Eastern Time (ET) hours when s…",[],0,
5870528406,Sr. Data Analyst,Prudent Insurance Brokers Pvt Ltd.,India,India,IT Jobs,,,False,Unknown,2026-09-04 16:58:16+00:00,"Recognized as: Great Place to Work – 2024 and 2025 - This achievement reflects our unwavering commitment to a workplace where innovation, collaboration, and success go hand in hand; thanks to each Prudent family member for being the driving force behind our success. One of ’       ! This honour reflects our unwavering commitment to fostering a culture where every woman can thrive and shine, and every voice is heard. Together, we’re building a future of , , and  for all team members Job title Da…",[],0,
5876013496,Senior Data Analyst,"Aspire, Jordan",India,India,IT Jobs,,,False,Unknown,2026-09-09 01:02:37+00:00,"Data Analyst About the Role We are looking for a Data Analyst with strong SQL, dashboarding, and business analysis skills to transform business questions into clear, actionable analytical outputs. The ideal candidate will be comfortable working across business and technical teams, translating requirements into structured analysis, building dashboards and reports, and maintaining clear documentation around business metrics, definitions, and data logic. Key Responsibilities Analyze data using SQL…",['SQL'],1,
5837139892,Senior Data Analyst,Capco,India,India,IT Jobs,,,False,full_time,2026-08-12 01:59:43+00:00,"This job is with Capco, an inclusive employer and a member of myGwork – the largest global platform for the LGBTQ business community. Please do not contact the recruiter directly. Job Title: Data Analyst (Python Pyspark) About Us “Capco, a Wipro company, is a global technology and management consulting firm. Awarded with Consultancy of the year in the British Bank Award and has been ranked Top 100 Best Companies for Women in India 2022 by Avtar & Seramount . With our presence across 32 cities a…",['Python'],1,
5867037378,Lead Data Analyst,Nexus Corporation,India,India,IT Jobs,,,False,Unknown,2026-09-02 16:43:29+00:00,"To begin with this role will be a 1 year contract. We are looking for an experienced Data Analyst Lead to drive data analysis initiatives, generate actionable insights, and support business decision-making. The ideal candidate should have strong analytical skills, experience working with large datasets, and the ability to lead a team of analysts. The role involves data modeling, reporting, dashboard development, stakeholder management, and ensuring data quality across projects. Key Responsibili…",[],0,
5882861190,Senior Data Analyst,Kamakhya Analytics Private Limited,"Bangalore, Karnataka",India,IT Jobs,,,False,Unknown,2026-09-14 01:11:06+00:00,"JOB DESCRIPTION - SENIOR DATA ANALYST Location: Bangalore-Hybrid Department : Analytics Team : Survey Insights and Reporting About the Company: Kamakhya Analytics is a technology-driven research and consulting organisation helping leaders, parties, and institutions decode India’s political and policy landscape. We bring together survey science, data analytics, and strategic insight to answer complex questions about public opinion, governance, and performance. From ground-level fieldwork to adva…",[],0,
5867264943,Lead Data Analyst,Airtel Digital,India,India,IT Jobs,,,False,Unknown,2026-09-02 21:45:47+00:00,"Lead Data Analyst/Senior Manager Airtel is a leading telecom provider with over 400 million subscribers . As a data-driven organization , we process 2 trillion events daily and store 100 PB of data , enabling smarter business decisions. With growing data demands and evolving use cases, we need faster, scalable decision-making powered by analytics and AI. About the role: As a Lead Data Analyst at Airtel, you will play a pivotal role in driving data-backed decision-making by providing actionable …",[],0,
5864426328,Senior Data Analyst,Epsilon,"Bangalore, Karnataka",India,Consultancy Jobs,,,False,Unknown,2026-09-01 16:20:46+00:00,"Senior Data Analyst Data Analytics Overview About Business Unit: Powerful predictors of the future - our Analytics team seamlessly blends data science and business intelligence to provide unparalleled foresight for our platform offerings. They turn insights into actionable results for our clients by collaborating with senior team members and staying ahead of market trends, powered by our data assets. By using new-age analytic tools and emerging technologies, the team cultivates a dynamic learni…",[],0,
5871992907,GCP Data Analyst,Persistent Systems,"Hyderabad, Telangana",India,IT Jobs,,,False,full_time,2026-09-05 18:32:38+00:00,"About Position: We are seeking a highly skilled Data Validation & Migration Analyst to support a critical wholesale banking data modernization initiative involving the migration of a large-scale data mart from Teradata (On-Premises) to Google Cloud Platform (GCP) BigQuery. The role requires deep expertise in data validation, SQL optimization, cloud migration testing, and data analytics to ensure the successful transition of business-critical data assets. Role: GCP Data Analyst Location: Hyderab…","['SQL', 'Big Query']",2,
5869558747,Senior Data Analyst,Appnext,India,India,IT Jobs,,,False,Unknown,2026-09-04 02:33:04+00:00,"Appnext offers end-to-end discovery solutions covering all the touchpoints users have with their devices. Thanks to Appnext’s direct partnerships with top OEM brands and carriers, user engagement is achieved from the moment they personalize their device for the first time and throughout their daily mobile journey. Appnext ‘Timeline’, a patented behavioral analytics technology, is uniquely capable of predicting the apps users are likely to need next. This innovative solution means app developers…",[],0,
5879663063,Litigation Data Analyst,KLDiscovery,India,India,IT Jobs,,,False,Unknown,2026-09-11 17:12:56+00:00,"KLDiscovery, a leading global provider of electronic discovery, information governance and data recovery services, is currently seeking a Hosting Data Analyst/Litigation Support Analyst. The candidate will have some experience using E-Discovery tools, and Microsoft Office, specifically Microsoft Excel. This position does not require any license or certification in order to be considered. Remote, work from home opportunity. Responsibilities: Work as part of a team, candidate will be required to …",['Excel'],1,
5880070282,Senior Data Analyst,Tanla Platforms Limited,"Hyderabad, Telangana",India,IT Jobs,,,False,Unknown,2026-09-12 01:09:17+00:00,"Role Overview We are looking for a Data Analyst to collect, process, and analyze data to help drive informed business decisions. The ideal candidate will have strong analytical skills, experience with data tools, and the ability to translate complex data into actionable insights Key Responsibilities: Collect, clean, and validate data from multiple sources Analyze large datasets to identify trends, patterns, and anomalies Develop dashboards, reports, and visualizations for stakeholders Write eff…",[],0,
5881770943,Operations and data analyst,Roology HQ,"Mumbai, Maharashtra",India,Admin Jobs,,,False,Unknown,2026-09-13 01:10:21+00:00,"Job Description – Operations & Data Analyst About the Role We are looking for an Operations & Data Analyst to manage business data, maintain accurate reports and trackers, analyse operational performance, and provide meaningful insights to support management decisions. The role will work closely across Operations, Sales and Marketing, with responsibility for pulling data from different teams and systems, consolidating it, analysing performance and highlighting important business insights. The i…",[],0,
5882592928,Data Analyst (Remote),Hire Feed,India,India,IT Jobs,,,False,full_time,2026-09-13 17:18:26+00:00,"Role: Data Analyst (Remote) Location: Remote (Work from Anywhere) Role Overview: We are hiring for one of our clients, seeking a Business Analyst (Russian Language) to work on a full-time basis. The ideal candidate must have strong analytical and comprehension skills, with the ability to read, summarize, and break down large content into smaller logical blocks. The role involves conducting online research, validating claims, and collaborating with large language models to solve analytical puzzl…",[],0,
5864436299,Growth & Data Analyst,Lascade,"Kochi, Ernakulam",India,IT Jobs,,,False,Unknown,2026-09-01 16:22:28+00:00,"Lascade is looking for a highly analytical Growth & Data Analyst to help us make smarter business decisions through data. You’ll work across our software products, marketing campaigns, websites, and mobile applications to understand user behaviour, identify growth opportunities, improve conversions, and optimize business performance. If you enjoy solving problems using data and turning numbers into actionable insights, we’d love to hear from you. What You’ll Do • Analyze user behaviour across w…",[],0,
5837139431,Business Data Analyst,Capco,India,India,IT Jobs,,,False,full_time,2026-08-12 01:59:37+00:00,"This job is with Capco, an inclusive employer and a member of myGwork – the largest global platform for the LGBTQ business community. Please do not contact the recruiter directly. Job Title: Business Data Analyst About Us “Capco, a Wipro company, is a global technology and management consulting firm. Awarded with Consultancy of the year in the British Bank Award and has been ranked Top 100 Best Companies for Women in India 2022 by Avtar & Seramount . With our presence across 32 cities across gl…",[],0,
5864435853,Senior Data Analyst,Chubb,"Hyderabad, Telangana",India,IT Jobs,,,False,full_time,2026-09-01 16:22:25+00:00,"About Chubb Chubb is a world leader in insurance. With operations in 54 countries and territories, Chubb provides commercial and personal property and casualty insurance, personal accident and supplemental health insurance, reinsurance and life insurance to a diverse group of clients. The company is defined by its extensive product and service offerings, broad distribution capabilities, exceptional financial strength and local operations globally. Parent company Chubb Limited is listed on the N…",[],0,
5855007053,Data Analyst / Engineer,Kyndryl,"Bangalore, Karnataka",India,Accounting & Finance Jobs,,,False,full_time,2026-08-25 10:08:09+00:00,"This job is with Kyndryl, an inclusive employer and a member of myGwork – the largest global platform for the LGBTQ business community. Please do not contact the recruiter directly. Who We Are At Kyndryl, we run and reimagine the mission-critical technology systems that drive advantage for the world's leading businesses. We are at the heart of progress; with proven expertise and a continuous flow of AI-powered insight, enabling smarter decisions, faster innovation, and a lasting competitive edg…",[],0,
5869482108,Risk Data Analyst,Bill.com,"Grand Central, Manhattan",United States,IT Jobs,132762.0,132762.0,True,full_time,2026-09-03 14:31:32+00:00,"At BILL, we believe in empowering the businesses that drive our economy. By replacing outdated financial processes with innovative tools, we help businesses—from startups to established brands—make smarter decisions and gain control of their operations. And we don’t stop there: we’re creating the future of financial automation so businesses can spend more time on what matters. Working here means you become part of a vision-driven team that’s ready to tackle challenges and build cutting-edge sol…",[],0,132762.0
5883204270,Health IT Data Analyst,Guidehouse,"Crystal, Arlington County",United States,IT Jobs,114396.59,114396.59,True,Unknown,2026-09-13 23:44:04+00:00,"Job Family : Data Science Consulting Travel Required : Up to 10% Clearance Required : Ability to Obtain Public Trust What You Will Do : Our consultants on the Defense & Security AI & Data team help clients maximize the value of their data and automate business processes. This high performing team works with clients to implement the full spectrum of data analytics and data science, from data querying and wrangling to data engineering, to data visualization, dashboarding, and business intelligenc…",[],0,114396.59
5877479707,Data Analyst,Medinext Global LLC,US,United States,IT Jobs,87527.66,87527.66,True,Unknown,2026-09-09 15:55:45+00:00,"Data Analyst Job Overview Medinext Global LLC is looking for a motivated and detail-oriented Data Analyst with 1–3 years of professional experience to join our team. The ideal candidate will have strong analytical skills, experience working with data, and the ability to transform complex datasets into meaningful business insights. The Data Analyst will work closely with business and technical teams to collect, analyze, interpret, and visualize data to support business decisions and improve oper…",[],0,87527.66
5879894786,Data Analyst,Generis TEK Inc.,"Alpharetta, Fulton County",United States,IT Jobs,71543.47,71543.47,True,Unknown,2026-09-11 11:50:20+00:00,"Please Contact: To discuss this amazing opportunity, reach out to our Talent Acquisition Specialist Sinchan Chakraborty at email address Sinchan Chakraborty can be reached on  . We have Contract role Data Analyst for client at Alpharetta, GA. Please let me know if you or any of your friends would be interested in this position. Position Details: Data Analyst- Alpharetta, GA Location : Alpharetta, GA 30009 Duration : 7 months contract Pay-rate : $40/Hour on W2 JOB DESCRIPTION: Role is onsite wit…",[],0,71543.47
5878668925,DATA ANALYST,AaraTechnologies Inc,"Virginia Beach, Virginia Beach City",United States,Accounting & Finance Jobs,50105.31,50105.31,True,Unknown,2026-09-10 11:54:51+00:00,"Data Analyst Banking (2-3 Years Experience) Company: AaraTech Inc About the Role AaraTech Inc is seeking a Data Analyst Banking to support reporting and analytics for banking and payments platforms. This role involves analyzing transaction data, building dashboards, and supporting KPI reporting. You will work with business and analytics teams to support data-driven decision-making. Ideal for early-career professionals in financial analytics. Key Responsibilities Analyze banking and transaction …",[],0,50105.31
5828602150,Data Analyst,"Motion Recruitment Partners, LLC","Richardson, Dallas",United States,IT Jobs,75578.23,75578.23,True,Unknown,2026-08-04 21:52:42+00:00,"Job Title: Data Analyst Job Location: Richardson, TX 75081 (Hybrid - 2/3 days onsite) Job Duration: 6 Months Contract possible extesnion and convert to FTE JOB DESCRIPTION: Team Overview: Working with other Data analysts Interfacing with internal customers ReResearchroups Engineers Product managers Scrum teams Executive leaders Candidate will report to H.M. Resource's typical working day: Collaborating with product managers and engineers and the greater team Large amounts of data analysis Givin…",[],0,75578.23
5842113920,Data Analyst,"Digipulse Technologies, Inc","Centerdale, Providence County",United States,IT Jobs,65157.41,65157.41,True,Unknown,2026-08-14 14:31:10+00:00,"Data Analyst (W2 Only) Location:Smithfield, RI (Hybrid) Introduction The Data Analyst will play a crucial role in our team, leveraging their expertise in data analysis to drive informed decision-making and support various projects within the organization. Responsibilities Conduct data analysis to identify trends, patterns, and insights that will help improve business processes and outcomes Collaborate with cross-functional teams to gather data requirements and provide analytical support for str…",[],0,65157.41
5867754444,DATA ANALYST,AaraTechnologies Inc,"Chesapeake City, Cecil County",United States,IT Jobs,50370.06,50370.06,True,Unknown,2026-09-02 19:31:05+00:00,"Data Analyst Retail & E-Commerce (2-3 Years Experience) Company: AaraTech Inc About the Role AaraTech Inc is seeking a Data Analyst Retail & E-Commerce to support reporting and analytics for retail and ecommerce platforms. This role involves analyzing sales and transaction data, building dashboards, and supporting KPI reporting. You will work closely with business teams to enable data-driven decisions. Ideal for early-career professionals building analytics expertise. Key Responsibilities Analy…",[],0,50370.06
5769854278,Data Analyst,Enterprise Business Solutions Inc,"Virginia Beach, Virginia Beach City",United States,IT Jobs,80000.28,80000.28,True,Unknown,2026-06-19 18:30:50+00:00,"Job Summary We are seeking a Data Analyst to collect, analyze, and interpret large datasets to support business decision-making. The ideal candidate will have strong analytical skills, experience with data visualization tools, and proficiency in SQL and reporting. Required Skills Technical Skills Strong experience with SQL for data extraction and analysis Experience with Excel (Pivot Tables, VLOOKUP, Power Query) Proficiency in Power BI , Tableau , or similar visualization tools Knowledge of da…","['SQL', 'Power BI', 'Tableau', 'Excel']",4,80000.28
5857521485,Data Analyst,Gov Services Hub,"Connecticut, US",United States,IT Jobs,129366.51,129366.51,True,Unknown,2026-08-26 20:03:02+00:00,"Position Details: Position: Data Analyst Location: Everett, MA Duration: 5 months ( Possible extension) Work Hours: 37.5 hours per week Work Mode: Hybrid The client is seeking Data Analyst to support critical enterprise initiatives. This role partners closely with business stakeholders, project managers, administrators, architects, and development teams to analyze business needs, improve operational processes, and deliver scalable solutions. The ideal candidate is a proactive and highly organiz…",[],0,129366.51
5879934557,DATA ANALYST,AaraTechnologies Inc,"Georgiana, Butler County",United States,IT Jobs,55718.64,55718.64,True,Unknown,2026-09-11 12:03:49+00:00,"Data Analyst Retail & E-Commerce (2-3 Years Experience) Company: AaraTech Inc About the Role AaraTech Inc is seeking a Data Analyst Retail & E-Commerce to support reporting and analytics for retail and ecommerce platforms. This role involves analyzing sales and transaction data, building dashboards, and supporting KPI reporting. You will work closely with business teams to enable data-driven decisions. Ideal for early-career professionals building analytics expertise. Key Responsibilities Analy…",[],0,55718.64
5877277587,DATA ANALYST,AaraTechnologies Inc,"Grandville, Kent County",United States,IT Jobs,77688.81,77688.81,True,Unknown,2026-09-09 11:55:56+00:00,"Data Analyst Retail & E-Commerce (2-3 Years Experience) Company: AaraTech Inc About the Role AaraTech Inc is seeking a Data Analyst Retail & E-Commerce to support reporting and analytics for retail and ecommerce platforms. This role involves analyzing sales and transaction data, building dashboards, and supporting KPI reporting. You will work closely with business teams to enable data-driven decisions. Ideal for early-career professionals building analytics expertise. Key Responsibilities Analy…",[],0,77688.81
5683630339,: Data Analyst,Gov Services Hub,"Richmond, Richmond County",United States,IT Jobs,119611.38,119611.38,True,Unknown,2026-03-30 18:34:44+00:00,"Title: Data Analyst Location: Richmond, VA- Hybrid Duration: 12 Months Contract Experience required : 5 years Note: Hybrid working out of our HQ office (3 days in office, 2 days remotely) Description: We are searching for a Data Analyst reporting to our Policy & Planning department. Researches and analyses housing, economic and demographic conditions, and trends, as well as state, local and federal initiatives and policies impacting the programs and activities of Virginia Housing. Evaluates Vir…",[],0,119611.38
5875735576,DATA ANALYST,AaraTechnologies Inc,"Chesapeake City, Cecil County",United States,IT Jobs,57206.12,57206.12,True,Unknown,2026-09-08 12:03:28+00:00,"Data Analyst Healthcare ( 2-3 Years Experience) Company: AaraTech Inc About the Role AaraTech Inc is seeking a detail-oriented Data Analyst Healthcare ( 2-3 years experience) to support healthcare reporting, analytics, and data quality initiatives. This role is ideal for early-career professionals who enjoy working with healthcare data, building reports, and delivering insights that support business and operational decision-making. Key Responsibilities Collect, clean, and analyze healthcare dat…",[],0,57206.12
5869226293,DATA ANALYST,AaraTechnologies Inc,"Kansas City, Jackson County",United States,IT Jobs,78110.12,78110.12,True,Unknown,2026-09-03 12:03:50+00:00,"Data Analyst Healthcare (2-3 Years Experience) Company: AaraTech Inc About the Role AaraTech Inc is seeking a detail-oriented Data Analyst Healthcare ( 2-3 years experience) to support healthcare reporting, analytics, and data quality initiatives. This role is ideal for early-career professionals who enjoy working with healthcare data, building reports, and delivering insights that support business and operational decision-making. Key Responsibilities Collect, clean, and analyze healthcare data…",[],0,78110.12
5876133266,Data Analyst,Apex Systems,"Minerva Park, Franklin County",United States,IT Jobs,77225.22,77225.22,True,Unknown,2026-09-08 17:38:24+00:00,"Job: 3050964 Job Description: Large Banking Client Data Analyst Pay Rate: $55-67/hr - w2 Location: Within Client Footprint 6 Month contract with potential to convert Job Description: The IT Finance Data Analyst partners assist our regulatory reporting business partners identifying the data for their reporting needs. This position is responsible for supporting the identification and management of critical data elements, including the associated data quality, metadata, lineage, and reference data…",[],0,77225.22
5878801767,Data Analyst,"V-Soft Consulting Group, Inc","Highland Park, Dallas",United States,IT Jobs,58324.52,58324.52,True,Unknown,2026-09-10 13:45:34+00:00,"Data Analyst Primary Location : Dallas, TX V-Soft Consulting is currently hiring for a Data Analyst for our premier client in Dallas, TX. Education and Experience: University (Degree) Preferred 2 Years Required; 3 Years Preferred Knowledge, Skills and Abilities » SQL, Python, Snowflake, Tableau, PowerBI Lead Data Visualization projects in creation activities to ensure data is defined, is engineered for ongoing support, and is fit for use case purposes Create Data products by collecting requirem…","['SQL', 'Python', 'Power BI', 'Tableau']",4,58324.52
5871131301,Data Analyst,I-TEK Solutions,"Guadalupe, Maricopa County",United States,IT Jobs,93197.69,93197.69,True,Unknown,2026-09-04 19:54:08+00:00,"Data Analyst LOCATION: Tempe, AZ LENGTH: 12 months, with a possible extension SCHEDULE: Hybrid, with two days onsite a week and the remaining days remote. Experience Level: 1 to 3 years Overview The Supply Chain Data Analyst improves supply chain performance through data research, analysis, and reporting. This role develops dashboards, analytics, and automated solutions that combine data from multiple sources. The ideal candidate brings strong attention to detail, foundational analytical skills…",[],0,93197.69
5882102466,Data Analyst,Techgene Solutions LLC,US,United States,IT Jobs,66235.59,66235.59,True,Unknown,2026-09-12 21:54:00+00:00,"Job Title: Data Analyst Job Description: Analyze and interpret data to support business decisions. Create reports, dashboards, and data visualizations. Work with large datasets and identify trends, patterns, and insights. Perform data cleaning, validation, and quality checks. Collaborate with business and technical teams to understand data requirements. Prepare ad-hoc reports and presentations as needed. Required Skills: 2 years of experience in Data Analysis. Strong SQL skills. Experience with…",['SQL'],1,66235.59
5878798250,Data Analyst,HyrUS Inc.,"Schiller Park, Cook County",United States,IT Jobs,99009.37,99009.37,True,Unknown,2026-09-10 13:39:25+00:00,"Title: Data Analyst - IT IV (Product Analyst - CIAM) Location: Remote (Chicago, IL preferred / Central Time alignment) Start Date / End Date: 09/10/2026 - 03/12/2027 POSITION OVERVIEW We are seeking a data-driven Product Analyst to support the Customer Identity and Access Management (CIAM) product area by turning customer identity, authentication, and digital journey data into actionable insights. This role focuses on analyzing platform data across login, registration, enrollment, authenticatio…",[],0,99009.37
5879132111,Data Analyst,"Pyramid Consulting, Inc.","Alpharetta, Fulton County",United States,IT Jobs,85335.13,85335.13,True,Unknown,2026-09-10 22:01:06+00:00,"Immediate need for a talented Data Analyst . This is a 06months contract opportunity with long-term potential and is located in Alpharetta, GA (Onsite). Please review the job description below and contact me ASAP if you are interested. Job ID: 26-28078 Pay Range: $40/hr - $42/hour. Employee benefits include, but are not limited to, health insurance (medical, dental, vision), 401(k) plan, and paid sick leave (depending on work location). Key Responsibilities: Collect, analyze, and report busines…",[],0,85335.13
5858658723,Data Analyst,Sensiple Inc.,"Fort Sam Houston, Bexar County",United States,IT Jobs,74058.27,74058.27,True,Unknown,2026-08-27 15:57:13+00:00,"Data Analyst (SAP Data) Hybrid Location: Findley, OH or San Antonio, TX ( 3 days onsite) Data Modeling & Analytics Design and maintain dimensional data models (star schema, fact and dimension tables) Develop advanced DAX measures, calculated tables, and KPIs Optimize Power BI data models for performance and scalability Create reusable semantic models and standardized reporting datasets Analyze trends and identify actionable business insights from data Write and optimize SQL Server queries to ex…","['SQL', 'Power BI']",2,74058.27
5877700290,Data Analyst,Empower Professionals,"Five Corners, Hudson County",United States,IT Jobs,83772.44,83772.44,True,Unknown,2026-09-09 20:18:03+00:00,"Role: Data Analyst Location: Jersey City, NJ (Hybrid) Duration: 12 Months Must have: Python SQL Snowflake Tableau Requirements: Design and implement data pipelines using government data . Collaborate with the development team to successfully manage the transition from the Data System to Snowflake , ensuring data integrity and efficiency Generated ad hoc reports and data loads for Snowflake, providing valuable insights to inform strategic decisions. Utilize Tableau, Snowflake , and SQL to create…","['SQL', 'Python', 'Tableau']",3,83772.44
5869474450,Data Analyst,"Sunrise Systems, Inc.","Trammells, Harris County",United States,IT Jobs,80579.91,80579.91,True,Unknown,2026-09-03 13:18:49+00:00,"Job Title: Data Analyst Location: Houston, TX ,Chicago, IL Duration: 06 Months Contract Description: Need someone strong and excited about this opportunity. They will be leading out the build of dashboards for the team with aws and dynamodb. Needs to be a strong communicator. We are seeking a Senior Data Analyst to lead the development of dashboards and analytics solutions that empower business users to make data driven decisions. This role will focus heavily on building high quality Power BI d…","['Power BI', 'AWS']",2,80579.91
5880286528,Data Analyst,Apex Systems,"South Norfolk, Chesapeake City",United States,IT Jobs,92484.77,92484.77,True,Unknown,2026-09-11 20:03:07+00:00,"Job: 3051820 Job Description: Data Analyst Location: Norfolk, Virginia Job Description We are seeking a Data Analyst w/ an active clearance for a position in Norfolk, VA. The role involves developing, maintaining, and enhancing interactive dashboards and reports using Power BI and Qlik Sense to provide operational and logistical visibility. This position supports military leadership by conducting exploratory and statistical analysis against complex datasets to identify trends, operational bottl…","['Power BI', 'Statistics']",2,92484.77
5878632326,Data Analyst,Zolon Tech Solutions Inc,"Grand Central, Manhattan",United States,IT Jobs,80919.45,80919.45,True,Unknown,2026-09-10 11:44:59+00:00,"Role: Data Analyst Job Location: New York, NY 10003 (Hybrid – 3 Days Onsite) Contract Type: W2 Only Duration: 6 Months Performance Details: What are the major objective(s) of the role? Specifically, what does this person need to do to be considered a success? What will they be working on? The Digital Products team supports Clients clean energy initiatives through data products and advanced analytics. The team works across customer, GIS, utility, and other large-scale datasets to create insights…",[],0,80919.45
5871135145,Data Analyst,IS3,"Wilmington, New Castle County",United States,IT Jobs,82192.41,82192.41,True,Unknown,2026-09-04 19:57:54+00:00,"We are seeking a detail-oriented Data Analyst to join our team. This role will be responsible for extracting, analyzing, and visualizing data to support business decision-making, as well as investigating and documenting existing data systems, reports, and processes. Key Responsibilities Write and optimize SQL queries to extract, transform, and analyze data from relational databases Design, build, and maintain interactive dashboards and reports in Power BI Reverse engineer existing reports, dash…","['SQL', 'Power BI']",2,82192.41
5857207136,Data Analyst,ICONMA,"Corning, Steuben County",United States,IT Jobs,83988.66,83988.66,True,Unknown,2026-08-26 14:09:12+00:00,"Due to federal regulations and/or export control requirements, this position requires applicants to qualify as a U.S. Person as defined by applicable U.S. law. Our client, a technology and industrial materials science leader, is looking for a Data Analyst for their Corning, NY location. Responsibilities: Support the design and implementation of data capture processes to ensure timely, accurate, and consistent collection of program data. Monitor, validate, and improve data quality by identifying…",[],0,83988.66
5877831654,Data Analyst,QUANTUM TECHNOLOGIES LLC,"Irving, Dallas",United States,IT Jobs,84608.09,84608.09,True,Unknown,2026-09-09 21:34:36+00:00,"Job Title: Data Analyst Location: Irving, TX, USA Duration: 6 Months  Extension Bill Rate: $70-$90/hour Job Type: C2C/1099 Contract Client: To Be Discussed Later Work Authorization: US-Citizen, H-1B, OPT-EAD, GC-EAD Key Responsibilities Analyze large and complex datasets to identify trends, patterns, anomalies, and data quality issues . Perform data cleansing, preparation, profiling, and validation to ensure data accuracy, consistency, and reliability. Develop and implement data quality standar…",[],0,84608.09
5865170600,Data Analyst,Sacrum Technologies LLC,"Phoenix, Maricopa County",United States,IT Jobs,99139.09,99139.09,True,Unknown,2026-09-01 14:16:51+00:00,"MUST be able to communicate in French written & verbal Data Analyst We are seeking a curious, analytical, and proactive problem solver to help drive process improvement and operational efficiency across our organization. The primary focus of this role is identifying trends, investigating root causes, improving processes, and eliminating unnecessary work. We are looking for someone who naturally asks why, takes ownership of issues, and is motivated to find better ways of working. Key Responsibil…",[],0,99139.09
5865048882,Data Analyst,"Innova Solutions, Inc",US,United States,IT Jobs,64086.89,64086.89,True,Unknown,2026-09-01 12:20:38+00:00,"A client of Innova Solutions is immediately hiring for a “ Data Analyst "" Position type: Full-time Contract (W2) Role: “ Data Analyst ” Duration: 6  months Contract Location : Remote Must have required skills – “ SQL, AWS, Databricks, MetaData, Data Governance” Primary Skill for the Role: “ SQL, AWS, Databricks, MetaData, Data Governance” Details: The selected resource will play a critical role in supporting data assessment, governance, and transformation initiatives across multiple systems and…","['SQL', 'AWS']",2,64086.89
5857752424,Data Analyst,Robert Half,"Saint Francis, Milwaukee County",United States,IT Jobs,83934.77,83934.77,True,Unknown,2026-08-26 22:12:22+00:00,"Description We are looking for a Data Analyst to turn complex healthcare, financial, and operational data into meaningful insights that guide leadership decisions. This position supports organizational performance by connecting information from clinical and business systems, building practical reporting tools, and highlighting trends that matter. Based in Milwaukee, Wisconsin, the role works closely with finance, operations, and clinical stakeholders to improve visibility, planning, and overall…",[],0,83934.77
5861795260,Data Analyst,Robert Half,"Moline, Rock Island County",United States,IT Jobs,41937.28,41937.28,True,Unknown,2026-08-29 22:10:56+00:00,"Description We are looking for a Data Analyst to join a financial services organization in Moline, Illinois on a contract-to-permanent basis. In this role, you will turn business questions into clear technical requirements and help teams use data to make informed decisions. You will work closely with stakeholders across business, technology, and security functions to support the development of reliable reporting and analytics solutions. Responsibilities: Partner with business teams to gather, c…",[],0,41937.28
5880455278,Data Analyst,Robert Half,"Bloomington, Hennepin County",United States,IT Jobs,80899.3,80899.3,True,Unknown,2026-09-11 21:51:37+00:00,"Description We are looking for a Data Analyst to join a healthcare organization in Bloomington, Minnesota, and turn complex data needs into clear, actionable reporting solutions. This role partners with internal stakeholders to define reporting objectives, develop reliable analyses, and deliver insights that support informed operational and business decisions. The ideal candidate brings strong technical ability, careful attention to accuracy, and a service-oriented approach to improving reporti…",[],0,80899.3
5833794451,Data Analyst,"Capgemini America, Inc.","Grand Central, Manhattan",United States,IT Jobs,84210.27,84210.27,True,Unknown,2026-08-08 15:54:58+00:00,"About Capgemini Choosing Capgemini means choosing a company where you will be empowered to shape your career in the way you'd like, supported by a collaborative global team, and inspired to reimagine what's possible. Join us and help leading organizations unlock the value of technology and build a more sustainable, inclusive future. Note: No sponsorship available. Candidates must be authorized to work in the U.S. on a permanent basis without the need for current or future visa sponsorship. Role…",[],0,84210.27
5880286523,Data Analyst,Apex Systems,"Charlotte, Mecklenburg County",United States,IT Jobs,73626.79,73626.79,True,Unknown,2026-09-11 20:03:06+00:00,"Job: 3051749 Job Description: Data Analyst Location: Charlotte, North Carolina (Hybrid) Duration: 12 months Role Overview We are seeking a seasoned Analyst/Developer to perform complex analysis and end-to-end business intelligence report development. This role involves utilizing technologies such as SQL at an advanced level. The individual will work closely with business and technology partners to ascertain requirements, determine data sources, apply analytics, and implement delivery strategies…",['SQL'],1,73626.79
5878499710,Data Analyst,Apex Systems,"Greenwood Village, Arapahoe County",United States,IT Jobs,64816.98,64816.98,True,Unknown,2026-09-10 09:47:02+00:00,"Job: 3051114 Job Description: Data Analyst Location: Greenwood Village, Colorado (Hybrid) Role Overview This role will support a team focused on proactively identifying and resolving internet service issues through data analysis, production investigations, monitoring, and firmware deployment reviews. This position will analyze data from multiple sources, perform ad hoc investigations, build dashboards and visualizations, and provide insights to engineers and operational teams. The environment i…",[],0,64816.98
5869674022,Data Analyst,Apex Systems,"Juno Beach, Palm Beach County",United States,IT Jobs,80697.27,80697.27,True,Unknown,2026-09-03 19:57:41+00:00,"Job: 3049386 Job Description: Data Analyst Location: Juno Beach, Florida (Remote) Role Overview This role supports groundbreaking AI projects for a leading renewable energy developer. The position requires a candidate with a foundation in data science and technical skills in data engineering and front-end development. The focus will be on driving the development and implementation of solutions that optimize internal processes and SCADA operations for renewable power plants. Key Responsibilities…",[],0,80697.27
5845793948,Data Analyst,Skillify Solutions,"Grand Central, Manhattan",United States,Accounting & Finance Jobs,117522.27,117522.27,True,Unknown,2026-08-17 21:11:58+00:00,"About the Role We''re looking for a Senior Data Analyst to help turn complex cloud, financial, and operational data into clear, actionable insights that improve business performance. In this role, you will serve as a trusted analytical partner to Cloud Operations, Cloud Engineering, Cloud Accounting, and Cloud Sales Leadership, helping teams make smarter decisions across multi-cloud environments. This is a great opportunity for someone who enjoys moving beyond standard reporting to uncover mean…",[],0,117522.27
5839079862,Data Analyst,Apex Systems,"Birmingham, Jefferson County",United States,IT Jobs,86922.59,86922.59,True,Unknown,2026-08-12 20:06:53+00:00,"Job: 3046060 Job Description: Data Analytics Analyst Location: Birmingham, AL Travel: Up to 50% (primarily within the regional generation fleet) Overview We are seeking a detail-oriented Data Analytics Analyst I to support the management, integration, and optimization of critical asset and maintenance data across a growing generation portfolio. This role plays a key part in ensuring operational readiness for new generation projects and existing power generation assets by supporting data governa…",[],0,86922.59
5871251204,Data Analyst,Robert Half,"Laurelville, Lancaster County",United States,IT Jobs,110634.89,110634.89,True,Unknown,2026-09-04 21:16:49+00:00,"Description Our client is seeking an experienced Senior Data Operations Analyst to play a key role in transforming enterprise data into actionable business intelligence. This individual will help drive informed decision-making across underwriting, pricing, claims operations, fraud prevention, and customer experience initiatives while ensuring the organization's reporting environment remains accurate, reliable, and scalable. The successful candidate will serve as a critical liaison between busin…",[],0,110634.89
5863106484,Data Analyst,Aditi Consulting,"North Cambridge, Middlesex County",United States,Engineering Jobs,121117.38,121117.38,True,Unknown,2026-08-31 14:05:09+00:00,"Payrate: $40.00 - $42.00/hr. Summary: The position is part of the Transformative Digital Capabilities organization, supporting the Holistic Lab Execution Environment product suite. The role involves enabling digital transformation in Process Development laboratories by supporting requirements definition, backlog readiness, testing, validation, documentation, and analytics enablement. Responsibilities Partner with business stakeholders, instrument owners, Functional Area Leads, IDA engineers, Re…",[],0,121117.38
5845788160,Data Analyst,MW Partners LLC,"Nashville, Davidson County",United States,IT Jobs,72073.8,72073.8,True,Unknown,2026-08-17 20:50:29+00:00,"Responsibilities and duties: Design, build, and launch a dynamic dashboard giving leadership visibility into pipeline progress, Tower health, needed interventions, and upcoming priorities. Develop a daily refresh capability so dashboards reflect the latest Asana data without manual rebuilding. Socialize the dashboard suite across Procurement stakeholders and gather feedback to guide iteration. Procurement SharePoint Landing Page Scope, design, build, and launch a centralized SharePoint site as …",[],0,72073.8
5842496994,Data Analyst,Tekcel8,US,United States,IT Jobs,55175.38,55175.38,True,Unknown,2026-08-14 20:33:37+00:00,0–3 years of experience in data analytics. Good knowledge of SQL and Excel. Basic knowledge of Power BI or Tableau. Understanding of data cleaning and data validation. Strong analytical and problem-solving skills. Good communication skills.,"['SQL', 'Power BI', 'Tableau', 'Excel']",4,55175.38
5878890227,Data Analyst,UnivEdge Consulting LLC,US,United States,IT Jobs,81615.18,81615.18,True,Unknown,2026-09-10 17:46:38+00:00,"Univedge Consulting is hiring for one of our premier implementation partners for a US-based end client. Below is the detailed job description - interested candidates can apply with their latest resume. Key Responsibilities *Data Build and Maintenance of the master external workforce dataset using security/badging, VMS, Contracts, and ERP/AP systems. *Perform detailed worker-level data reconciliation across multiple systems. *Validate required data fields per worker. *Normalize and standardize s…",[],0,81615.18
5877829431,Data Analyst,Intellisoft Technologies,"Creve Coeur, Saint Louis County",United States,Accounting & Finance Jobs,67291.86,67291.86,True,Unknown,2026-09-09 21:33:54+00:00,"Job Description: QA background would be nice to have. Ability to read/analyze reports. Processing data and information. This position plays a critical role in supporting the accurate setup and maintenance of advisory accounts and ensuring account information is appropriately established and maintained within the system of record. The individual will be responsible for reviewing account information, processing updates, validating account coding, analyzing data, and resolving exceptions to ensure…",[],0,67291.86
5867553773,Senior Data Analyst,Kforce Technology Staffing,"Juno Beach, Palm Beach County",United States,IT Jobs,131994.8,131994.8,True,Unknown,2026-09-02 16:22:07+00:00,"RESPONSIBILITIES: Kforce has a client that is seeking a Senior Data Analyst in Juno Beach, FL. Responsibilities: * Senior Data Analyst will design, develop, and maintain data pipelines and ETL processes * Ensure data quality and integrity across various sources and platforms * Collaborate with IT to integrate data solutions within existing infrastructure * Develop and implement simple machine learning models and algorithms to derive actionable insights * Perform data analysis and visualization …","['Machine Learning', 'ETL']",2,131994.8
5869674605,Data Analyst 5,Randstad Digital,"Alaska, US",United States,IT Jobs,67264.66,67264.66,True,Unknown,2026-09-03 19:58:02+00:00,"job summary: Enterprise Healthcare client has an immediate opening for a highly motivated Data Analyst 5 to join their dynamic and growing team. All qualified candidates are encouraged to apply! location: Telecommute job type: Contract salary: $58.66 - 68.66 per hour work hours: 8am to 5pm education: Bachelors responsibilities: - What is the purpose of this team? - Describe the surrounding team (team culture, work environment, etc.) & key projects. - Do you have any additional upcoming hiring n…",[],0,67264.66
5693336521,Lead Data Analyst,GovCIO,US,United States,IT Jobs,109374.95,109374.95,True,Unknown,2026-04-08 13:21:20+00:00,"GovCIO is currently hiring for a Data Analyst to lead development of data strategy. This position will be located in Fort Meaded, MD and will be an onsite position. Responsibilities The Data Analyst leads development of the data strategy that transforms autonomous pentesting outputs into structured, contextualized datasets suitable for AI training and advanced analytics. This role defines data taxonomies, metadata requirements, labeling approaches, and governance considerations to ensure collec…",[],0,109374.95
5680356732,Lead Data Analyst,Vistra Corp,"Irving, Dallas",United States,IT Jobs,104308.2,104308.2,True,Unknown,2026-03-27 10:11:25+00:00,"If you have what it takes to become part of the Vistra family and would like to start a promising career with a global leader, take a look at the exciting employment opportunities that are currently available and apply online. Job Summary As a Lead Data Analyst, you will be responsible for leading and driving data strategy and analytics initiatives that impact business decisions. The successful candidate will have extensive experience in statistical analysis and data modeling and be able to wor…",['Statistics'],1,104308.2
5854221865,Privacy Program Data Analyst (HIPAA),WMCHealth,"Valhalla, Westchester County",United States,Healthcare & Nursing Jobs,76953.42,76953.42,True,Unknown,2026-08-24 02:59:05+00:00,"Job Summary : The Privacy Program Data Analyst supports the WMC Health Networks privacy program by analyzing privacy-related data, assisting in risk assessments, and ensuring compliance with HIPAA and other privacy regulations. Reporting to the Director of Privacy Program, this role helps monitor privacy incidents, track trends in privacy risks, support privacy investigations, and assist in maintaining privacy policies and training programs. The Privacy Analyst collaborates with various departm…",[],0,76953.42
5879990020,Data Analyst,CFS,"Wooster, Wayne County",United States,Accounting & Finance Jobs,107786.1,107786.1,True,Unknown,2026-09-11 12:37:18+00:00,"Job Description Job Title: Data Analyst \n Location: Hybrid in Wooster, OH (Candidate must be local to Northeast Ohio) \n Schedule: Monday - Friday \n Salary: $80,000 - $100,000 \n What Sets Us Apart \n \n Hybrid role - 2 days from home \n Support executive leadership directly \n Build reports and develop dashboards used to support business decisions \n Opportunity to shape strategic vision across the organization \n \n Key Responsibilities \n \n Clean and transform client data for system impor…",[],0,107786.1
5881577038,Data Analyst,Utah Transit Authority,"Salt Lake City, Salt Lake County",United States,Accounting & Finance Jobs,76530.98,76530.98,True,Unknown,2026-09-12 14:42:17+00:00,"Job Description Utah Transit Authority \n \n \n Description \n As a Data Analyst you will: \n \n Direct and develop initiatives to improve quality, financial viability, sustainability and efficiency of services offered by the business unit. \n Facilitate business unit planning by developing and maintaining strategic analytical and financial tools. \n Collaborate with other UTA departments to make recommendations on strategic variables such as definition of new markets, service standards, benchm…",[],0,76530.98
5880693968,Data Analyst,Voices of Hope Lexington Inc,"Lexington, Fayette County",United States,Admin Jobs,44594.39,44594.39,True,Unknown,2026-09-12 02:42:30+00:00,"Job Description Job Description Description: Reports to: Accounting and Grants Manager OVERVIEW The Nonprofit Reporting Assistant supports the organization's reporting needs by gathering data, preparing reports, and ensuring accurate and timely dissemination of information. This role is crucial for maintaining transparency and accountability within the nonprofit sector. This is a salaried position. KEY RESPONSIBILITIES/ESSENTIAL FUNCTIONS Data Collection and Management Gather and compile data f…",[],0,44594.39
5877658057,Data Analyst,Bet365,"Denver, Colorado",United States,IT Jobs,105242.86,105242.86,True,Unknown,2026-09-09 19:49:00+00:00,"hackajob is collaborating with Bet365 to connect them with exceptional professionals for this role. As a Data Analyst, you will turn complex data into clear insight that supports better decisions across our business Within our AI and Automation department, the Data Team transforms large and complex datasets into practical reporting, clear insight and visual stories that support both operational and strategic decisions. This role focuses on building dashboards, responding to analytical requests …",[],0,105242.86
5823867997,Data Analyst,MANTECH,"Tampa, Hillsborough County",United States,IT Jobs,82150.41,82150.41,True,Unknown,2026-08-01 06:42:49+00:00,"hackajob is collaborating with MANTECH to connect them with exceptional professionals for this role. MANTECH seeks a motivated, career and customer-oriented Data Analyst to join our team in Tampa, FL . The Data Analyst will leverage their strong technical background and knowledge to manipulate and analyze data in accordance with data management policies to support mission and business functions and tasks. Responsibilities include but are not limited to: Identifying new sources of data and metho…",[],0,82150.41
5883204311,Data Analyst,Guidehouse,"Madison, Madison County",United States,IT Jobs,103253.55,103253.55,True,Unknown,2026-09-13 23:44:05+00:00,"Job Family : Data Science Consulting Travel Required : Up to 10% Clearance Required : Active Secret What You Will Do : Guidehouse is seeking a Data Analyst who will provide data solutions (analysis, data engineering, data science etc.) to a Department of War client. You will be a part of a multi-disciplinary, high-impact team. The ideal candidate will perform technical tasks that include, but are not limited to, building data pipelines and developing visualizations. These tasks will involve usi…",[],0,103253.55
5881883215,Data Analyst,Utah Transit Authority,"Salt Lake City, Salt Lake County",United States,IT Jobs,85000.0,110000.0,False,Unknown,2026-09-12 19:06:01+00:00,"Utah Transit Authority seeks a Data Analyst to turn complex transit data into actionable insights that improve safety, reliability, and rider experience. In this role, you’ll analyze ridership, operations, and customer data from buses, TRAX, and FrontRunner, building clear dashboards and reports for planning and leadership teams. You will clean and integrate data from multiple systems, track KPIs, identify trends, and support forecasting. Collaborating across departments, you’ll help guide data…",[],0,97500.0
5802478131,Financial Data Analyst,CAI,"Miramar, Broward County",United States,IT Jobs,77917.57,77917.57,True,Unknown,2026-07-16 04:37:25+00:00,"hackajob is collaborating with CAI to connect them with exceptional professionals for this role. Financial Data Analyst Req number: R6473 Employment type: Full time Worksite flexibility: Onsite Who we are CAI is a global services firm with over 9,000 associates worldwide and a yearly revenue of $1.3 billion. We have over 40 years of excellence in uniting talent and technology to power the possible for our clients, colleagues, and communities. As a privately held company, we have the freedom and…",[],0,77917.57
5881895281,"Data Analyst, Specialist",Vanguard,"Frazer, Chester County",United States,IT Jobs,89179.2,89179.2,True,Unknown,2026-09-12 19:37:30+00:00,"hackajob is collaborating with Vanguard to connect them with exceptional professionals for this role. Analyzes data, assesses trends and develops actionable insights and recommendations in support of business objectives. Trains and develops junior analysts. Role Summary The Data Analyst, Specialist is responsible for leveraging data-driven insights to support strategic business decisions and improve operational efficiency. This role involves structuring complex business requests into well-defin…",[],0,89179.2
5867068421,Senior Data Analyst,Grubhub,"New York City, New York",United States,Accounting & Finance Jobs,122284.5,122284.5,True,Unknown,2026-09-02 07:52:40+00:00,"hackajob is collaborating with Grubhub to connect them with exceptional professionals for this role. About Wonder Everything’s on the menu at Wonder. Except compromise. Wonder is the mealtime platform built to feed every craving in one order. With Wonder, you can mix and match hundreds of dishes from 20 exclusive restaurants in a single order, so everyone gets exactly what they’re craving. Enjoy everything from tacos to Thai with $0 delivery fees, plus dine-in or pick up at a Wonder location ne…",[],0,122284.5
5789985328,"Data Analyst, Specialist",Vanguard,"Charlotte, Clinton County",United States,IT Jobs,83889.32,83889.32,True,Unknown,2026-07-06 11:33:04+00:00,"hackajob is collaborating with Vanguard to connect them with exceptional professionals for this role. Personal Investor (PI) Distribution is responsible for converting Vanguard’s Personal Investor strategy into growth outcomes by acquiring clients, deepening relationships, and retaining and growing assets. As part of the PI Distribution Analytics team, you will provide actionable insights and scalable analytics that enable Personal Investor Distribution to drive growth, improve client experienc…",[],0,83889.32
5880948130,"Data Analyst, Specialist",Vanguard,"Charlotte, Clinton County",United States,IT Jobs,104288.7,104288.7,True,Unknown,2026-09-12 07:48:01+00:00,"hackajob is collaborating with Vanguard to connect them with exceptional professionals for this role. The Data Analyst, Specialist will serve as a senior analytical lead within the Fraud Data & Analytics team, translating complex fraud risks and business questions into scalable analytical solutions. The role will independently lead the development and ongoing optimization of fraud detections, reporting, dashboards, loss measurement, incident analysis, and emerging risk analytics. The specialist…",[],0,104288.7
5881895160,Lead Data Analyst,Vanguard,"Charlotte, Clinton County",United States,IT Jobs,102459.4,102459.4,True,Unknown,2026-09-12 19:37:16+00:00,"hackajob is collaborating with Vanguard to connect them with exceptional professionals for this role. Workplace Solutions Client Experience Analytics is hiring analysts who are passionate about turning data into action. You'll work with cross-functional partners to solve complex problems, uncover opportunities, and improve the client experience through analytics. We're looking for curious, adaptable teammates who can influence decisions and drive impact with data. Workplace Solutions Client Exp…",[],0,102459.4
5840522077,Data Analyst,Stifel,"Manchester, Saint Louis County",United States,IT Jobs,60935.81,60935.81,True,full_time,2026-08-13 12:50:32+00:00,"Stifel strives for a culture that puts its clients and associates first: a culture where everyone belongs, everyone is welcome, and everyone contributes to the success of our clients, their careers, and the firm as a whole. Let’s talk about how you can find your place here at Stifel, where success meets success. What Youll Be Doing The Data Analyst will work as a member of Stifels Analyst team within the Digital Solutions group. The Data Analyst is responsible for servicing ad-hoc data extracti…",[],0,60935.81
5847073658,Data Analyst,Stifel,"Cloverdale, Shelby County",United States,IT Jobs,58751.36,58751.36,True,full_time,2026-08-18 12:56:29+00:00,"Stifel strives for a culture that puts its clients and associates first: a culture where everyone belongs, everyone is welcome, and everyone contributes to the success of our clients, their careers, and the firm as a whole. Let’s talk about how you can find your place here at Stifel, where success meets success. What Youll Be Doing The Data Analyst will work as a member of Stifels Analyst team within the Digital Solutions group. The Data Analyst is responsible for servicing ad-hoc data extracti…",[],0,58751.36
5869673291,Data Analyst,Changeis Inc,US,United States,IT Jobs,95794.01,95794.01,True,Unknown,2026-09-03 19:57:15+00:00,"Data Analyst - 100% Remote We are seeking a Senior Data Analyst with a strong analytical mindset and a passion for improving transportation and transportation safety. This role involves working on innovative projects with our Federal partners at the Volpe National Transportation Systems Center. If you have a proven track record in data analysis, a keen eye for detail, and a desire to make meaningful contributions in solving transportation-related challenges, we’d like to hear from you. Key Resp…",[],0,95794.01
5864098400,Data Analyst,Eliassen Group,"Jacks Cabin, Gunnison County",United States,IT Jobs,90036.16,90036.16,True,Unknown,2026-09-01 04:25:25+00:00,"Description: Remote Our client seeks a Data Analyst with strong backend data engineering capabilities to connect diverse data sources and modernize analytics. The role focuses on building and maintaining data pipelines, orchestration, and APIs, while partnering with a front-end developer and senior team member. The team will revamp advanced Power BI dashboards and enable reliable analytics for clinical research initiatives, including continuous glucose monitoring studies. Due to client requirem…",['Power BI'],1,90036.16
5882585178,"Data Analyst, Fraud Data & Analytics",Vanguard,"Charlotte, Clinton County",United States,IT Jobs,129011.19,129011.19,True,Unknown,2026-09-13 07:44:17+00:00,"hackajob is collaborating with Vanguard to connect them with exceptional professionals for this role. The Data Analyst, Specialist will serve as a senior analytical lead within the Fraud Data & Analytics team, translating complex fraud risks and business questions into scalable analytical solutions. The role will independently lead the development and ongoing optimization of fraud detections, reporting, dashboards, loss measurement, incident analysis, and emerging risk analytics. The specialist…",[],0,129011.19
5813141729,Data Analyst,Na Oiwi Kane,"Mount Rainier, Prince George's County",United States,IT Jobs,148544.22,148544.22,True,Unknown,2026-07-23 21:24:28+00:00,"Overview Job Summary Galapagos Federal Systems LLC is looking for an enthusiastic, well-qualified individual to fill the Data Analyst position. This role offers the opportunity to work with a diverse and talented group of individuals committed to driving success. The ideal candidate is responsible for collecting, analyzing, and managing system and project data to support Tech Refresh operations, data-driven decision-making, and process improvement initiatives. The Data Analyst provides actionab…",[],0,148544.22
5775687128,Data Analyst,"Judge Group, Inc.","Bridgeport, Montgomery County",United States,IT Jobs,107764.72,107764.72,True,Unknown,2026-06-24 22:42:09+00:00,"Location: Bridgeport, PA Salary: $70,000.00 USD Annually - $85,000.00 USD Annually Description: Data Analyst (Power BI/SQL) Location: Conshohocken, PA Salary: $70,000 - $85,000 Overview We are seeking a Data Analyst with 3-5 years of experience to support reporting, analytics, and data visualization initiatives. The ideal candidate will have strong expertise in Power BI and SQL, along with a solid foundation in data modeling and analytics best practices. Key Responsibilities Develop, maintain, …","['SQL', 'Power BI']",2,107764.72
5808781969,Data Analyst,Na Oiwi Kane,US,United States,IT Jobs,95673.22,95673.22,True,Unknown,2026-07-20 22:41:53+00:00,"Overview Job Summary Galapagos Federal Systems, LLC is seeking a motivated and detail-oriented Data Analyst to join our team at Patrick Space Force Base, Florida. This position offers an exciting opportunity to support the Space Training and Readiness Command (STARCOM) by providing data analysis, reporting, and visualizations to improve operational effectiveness, and support mission success. The Data Analyst will collect, analyze, and interpret data from multiple enterprise systems to develop w…",[],0,95673.22
5831231459,Data Analyst,Alpha Omega Integration LLC,"Millington, Shelby County",United States,IT Jobs,81868.15,81868.15,True,Unknown,2026-08-06 19:44:50+00:00,"Job Title: Data Analyst Clearance Required: Secret - U.S. Citizenship Required Work Location: Onsite - Millington, TN Alpha Omega is searching for an experienced Data Analyst to join one of our long-term Federal projects. Identifies and collects data sources, analyzes and extracts key data and information, evaluates and monitors data quality to meet the organization's information system needs and requirements. Applies specific functional knowledge, working/general industry knowledge. Develops o…",[],0,81868.15
5680353927,Data Analyst,Chenega MIOS,"Trade, Alexandria City",United States,IT Jobs,64133.36,64133.36,True,Unknown,2026-03-27 10:10:27+00:00,"Data Analyst Alexandria, VA Data Analyst Alexandria, VA Are you ready to enhance your skills and build your career in a rapidly evolving business climate? Are you looking for a career where professional development is embedded in your employer's core culture? If so, Chenega Military, Intelligence & Operations Support (MIOS) could be the place for you! Join our team of professionals who support large-scale government operations by leveraging cutting-edge technology and take your career to the ne…",[],0,64133.36
5838668590,Data Analyst,Intrepid,"North Springfield, Fairfax County",United States,Engineering Jobs,131073.56,131073.56,True,Unknown,2026-08-12 14:07:27+00:00,"Overview Systems Planning and Analysis, Inc. (SPA) delivers high-impact, technical solutions to complex national security issues. With over 50 years of business expertise and consistent growth, we are known for continuous innovation for our government customers, in both the US and abroad. Our exceptionally talented team is highly collaborative in spirit and practice, producing Results that Matter . Come work with the best! We offer opportunity, unique challenges, and clear-sighted commitment to…",[],0,131073.56
5871027357,Data Analyst,Kforce Technology Staffing,"Northlake, DeKalb County",United States,IT Jobs,99811.12,99811.12,True,Unknown,2026-09-04 17:14:17+00:00,"RESPONSIBILITIES: Kforce has a client that is seeking a hybrid Data Analyst to join their team. Summary: The individual is a data-minded analyst who can validate information, spot inconsistencies, and translate findings into meaningful business insights. This person should be comfortable working with evolving requirements, reviewing call and CRM data, and helping business leaders build trust in newly implemented AI and reporting capabilities. While specific platform experience is helpful, the s…",[],0,99811.12
5850370220,Data Analyst,"Judge Group, Inc.","Raleigh, Wake County",United States,IT Jobs,120602.97,120602.97,True,Unknown,2026-08-20 22:06:48+00:00,"Location: Raleigh, NC Salary: $27.00 USD Hourly - $28.00 USD Hourly Description: Our client is currently seeking a Data Analyst Job Summary: Data Analytics / Data Engineer Contractor This role supports two major system overhaul projects and is expected to last at least 6 months, likely closer to 12 months. The manager is seeking someone who can quickly learn the organization's systems, become an independent contributor, and provide support across data analytics, automation, and reporting initia…",[],0,120602.97
5850364140,Data Analyst,Software Guidance & Assistance,"Campbell, Santa Clara County",United States,IT Jobs,75364.17,75364.17,True,Unknown,2026-08-20 22:00:14+00:00,"Software Guidance & Assistance, Inc., (SGA), is searching for a Data Analyst for a contract assignment with one of our premier SaaS clients in San Jose, CA. Responsibilities: Apply expertise in quantitative analysis and data modeling to gain deep insights into customers behaviors/journey across surfaces, short and long-term trend, and present impactful recommendations to grow the business Acting as a thought partner to the GTM business leads, Sales, PM, PMM, and other partners and influence dec…",[],0,75364.17
5837374981,Data Analyst,ElevaIT Solutions,"Corning, Steuben County",United States,IT Jobs,85066.27,85066.27,True,Unknown,2026-08-11 18:10:25+00:00,"Job Title: Data Analyst Industry: Manufacturing Location: Corning, NY Shift: 8am to 5pm, Monday through Friday, fully onsite Interview Process: First round is a video interview, second round is onsite Client Overview This opportunity is with a global leader in materials science and advanced technology manufacturing, supporting a major innovation program within one of its research and development campuses. The team you would join works at the intersection of engineering, program management, and …",[],0,85066.27
5859118238,Data Analyst,"Judge Group, Inc.","Pantego, Tarrant County",United States,IT Jobs,146111.61,146111.61,True,Unknown,2026-08-27 22:06:16+00:00,"Location: Arlington, TX Salary: $65.00 USD Hourly - $75.00 USD Hourly Description: About the Role We are seeking a data-focused professional with strong experience in data engineering, analytics, and business process support. This role is responsible for transforming complex and unstructured data into actionable insights, building scalable data pipelines, supporting dashboard development, and collaborating with technical and business stakeholders to improve decision-making. The ideal candidate …",[],0,146111.61
5854705684,Associate Director - Data Analyst,Moody's Corporation,"New York City, New York",United States,IT Jobs,171285.89,171285.89,True,Unknown,2026-08-24 19:32:27+00:00,"hackajob is collaborating with Moody's Corporation to connect them with exceptional professionals for this role. At Moody's, we unite the brightest minds to turn today’s risks into tomorrow’s opportunities. We do this by striving to create an inclusive environment where everyone feels welcome to be who they are—with the freedom to exchange ideas, think innovatively, and listen to each other and customers in meaningful ways. Moody’s is transforming how the world sees risk. As a global leader in …",[],0,171285.89
5789985215,"Data Analyst, Senior Specialist",Vanguard,"Charlotte, Clinton County",United States,IT Jobs,104330.68,104330.68,True,Unknown,2026-07-06 11:33:02+00:00,"hackajob is collaborating with Vanguard to connect them with exceptional professionals for this role. Analyzes data, assesses trends and develops actionable insights and recommendations in support of enterprise-wide strategic business initiatives. Develops the analytics community at Vanguard by coaching others internally and participating in external events. Vanguard’s Flagship & Distribution Analytics team is expanding! We are seeking an experienced data analyst to support the Flagship Client …",[],0,104330.68
5862367257,Business Data Analyst,"Levi, Ray & Shoup",US,United States,IT Jobs,104420.27,104420.27,True,full_time,2026-08-30 13:18:28+00:00,"LRS Consulting Services is seeking a Business Data Analyst for a contract opportunity with our client in Fort Worth, TX. This position is dedicated to supporting reporting and analytics needs. The role enables enterprise decision-making by partnering with business leaders to identify analytics and reporting requirements, develop data products and reporting solutions, and deliver actionable insights. It also supports the advancement of analytics capabilities while ensuring alignment with enterpr…",[],0,104420.27
5863092661,Business Data Analyst,"Levi, Ray & Shoup","Bedford, Tarrant County",United States,IT Jobs,134470.5,134470.5,True,full_time,2026-08-31 13:19:05+00:00,"LRS Consulting Services is seeking a Business Analyst - Power BI for a contract opportunity with our client in Bedford, TX. We are looking for an experienced Business Analyst with expertise in Power BI report and dashboard development to support reporting and analytics initiatives in an auto finance environment. This is a hands-on contract role requiring an individual who can quickly understand business processes and data, perform meaningful analysis, and independently develop effective Power B…",['Power BI'],1,134470.5
5883204323,Security Assistance Data Analyst,Guidehouse,"Rosslyn, Arlington County",United States,IT Jobs,125443.02,125443.02,True,Unknown,2026-09-13 23:44:05+00:00,"Job Family : Data Science Consulting Travel Required : Up to 10% Clearance Required : Active Secret What You Will Do: The Security Assistance Data Analyst serves as the principal analyst and integrator for the Department of State (DoS) Political‑Military Affairs Bureau. In this role, you will lead data management, visualization, and reporting efforts related to Security Assistance accounts and interagency coordination. Your work will help drive informed decision‑making and strengthen program ex…",[],0,125443.02
5883204309,Data Analyst (Dashboard Developer),Guidehouse,"Crystal, Arlington County",United States,IT Jobs,123254.17,123254.17,True,Unknown,2026-09-13 23:44:05+00:00,"Job Family : Data Science Consulting Travel Required : None Clearance Required : Ability to Obtain Public Trust What You Will Do : Our consultants on the AI & Data team help clients maximize the value of their data and automate business processes. This high performing team works with clients to implement the full spectrum of data analytics and data science, from data querying and wrangling to data engineering, to data visualization, dashboarding, and business intelligence (BI), to predictive an…",[],0,123254.17
5833714577,Principal Data Analyst,WD,"Campbell, Santa Clara County",United States,Engineering Jobs,171688.53,171688.53,True,full_time,2026-08-08 12:40:34+00:00,"Company Description WD is building the infrastructure behind the AI-driven data economy. As AI scales, so does data. Every interaction, every model, every system generates data that must be stored, managed, and made accessible over time. That’s where we come in. We combine deep engineering expertise with global-scale manufacturing to deliver the storage systems that make AI possible, powering hyperscale data centers, cloud platforms, and enterprise infrastructure worldwide. This isn’t theoretic…",[],0,171688.53
5869481608,Risk Data Analyst,Bill.com,"Washington, Washington, D.C.",United States,IT Jobs,110504.13,110504.13,True,full_time,2026-09-03 14:28:22+00:00,"At BILL, we believe in empowering the businesses that drive our economy. By replacing outdated financial processes with innovative tools, we help businesses—from startups to established brands—make smarter decisions and gain control of their operations. And we don’t stop there: we’re creating the future of financial automation so businesses can spend more time on what matters. Working here means you become part of a vision-driven team that’s ready to tackle challenges and build cutting-edge sol…",[],0,110504.13
5869481654,Risk Data Analyst,Bill.com,"South Boston, Suffolk County",United States,IT Jobs,130423.67,130423.67,True,full_time,2026-09-03 14:28:23+00:00,"At BILL, we believe in empowering the businesses that drive our economy. By replacing outdated financial processes with innovative tools, we help businesses—from startups to established brands—make smarter decisions and gain control of their operations. And we don’t stop there: we’re creating the future of financial automation so businesses can spend more time on what matters. Working here means you become part of a vision-driven team that’s ready to tackle challenges and build cutting-edge sol…",[],0,130423.67
5869481593,Risk Data Analyst,Bill.com,"Northlake, DeKalb County",United States,IT Jobs,115974.67,115974.67,True,full_time,2026-09-03 14:28:22+00:00,"At BILL, we believe in empowering the businesses that drive our economy. By replacing outdated financial processes with innovative tools, we help businesses—from startups to established brands—make smarter decisions and gain control of their operations. And we don’t stop there: we’re creating the future of financial automation so businesses can spend more time on what matters. Working here means you become part of a vision-driven team that’s ready to tackle challenges and build cutting-edge sol…",[],0,115974.67
5869481772,Risk Data Analyst,Bill.com,"Hayes Valley, San Francisco",United States,IT Jobs,123701.18,123701.18,True,full_time,2026-09-03 14:28:51+00:00,"At BILL, we believe in empowering the businesses that drive our economy. By replacing outdated financial processes with innovative tools, we help businesses—from startups to established brands—make smarter decisions and gain control of their operations. And we don’t stop there: we’re creating the future of financial automation so businesses can spend more time on what matters. Working here means you become part of a vision-driven team that’s ready to tackle challenges and build cutting-edge sol…",[],0,123701.18
5869482109,Risk Data Analyst,Bill.com,"Textile Finance, Los Angeles County",United States,IT Jobs,122346.8,122346.8,True,full_time,2026-09-03 14:31:32+00:00,"At BILL, we believe in empowering the businesses that drive our economy. By replacing outdated financial processes with innovative tools, we help businesses—from startups to established brands—make smarter decisions and gain control of their operations. And we don’t stop there: we’re creating the future of financial automation so businesses can spend more time on what matters. Working here means you become part of a vision-driven team that’s ready to tackle challenges and build cutting-edge sol…",[],0,122346.8
5869482117,Risk Data Analyst,Bill.com,"Campbell, Santa Clara County",United States,IT Jobs,121612.76,121612.76,True,full_time,2026-09-03 14:31:32+00:00,"At BILL, we believe in empowering the businesses that drive our economy. By replacing outdated financial processes with innovative tools, we help businesses—from startups to established brands—make smarter decisions and gain control of their operations. And we don’t stop there: we’re creating the future of financial automation so businesses can spend more time on what matters. Working here means you become part of a vision-driven team that’s ready to tackle challenges and build cutting-edge sol…",[],0,121612.76
5869482055,Risk Data Analyst,Bill.com,US,United States,IT Jobs,91557.34,91557.34,True,full_time,2026-09-03 14:31:06+00:00,"At BILL, we believe in empowering the businesses that drive our economy. By replacing outdated financial processes with innovative tools, we help businesses—from startups to established brands—make smarter decisions and gain control of their operations. And we don’t stop there: we’re creating the future of financial automation so businesses can spend more time on what matters. Working here means you become part of a vision-driven team that’s ready to tackle challenges and build cutting-edge sol…",[],0,91557.34
5869482008,Risk Data Analyst,Bill.com,"Schiller Park, Cook County",United States,IT Jobs,122971.8,122971.8,True,full_time,2026-09-03 14:31:05+00:00,"At BILL, we believe in empowering the businesses that drive our economy. By replacing outdated financial processes with innovative tools, we help businesses—from startups to established brands—make smarter decisions and gain control of their operations. And we don’t stop there: we’re creating the future of financial automation so businesses can spend more time on what matters. Working here means you become part of a vision-driven team that’s ready to tackle challenges and build cutting-edge sol…",[],0,122971.8
5869482036,Risk Data Analyst,Bill.com,"Elkins Park, Montgomery County",United States,IT Jobs,139620.12,139620.12,True,full_time,2026-09-03 14:31:05+00:00,"At BILL, we believe in empowering the businesses that drive our economy. By replacing outdated financial processes with innovative tools, we help businesses—from startups to established brands—make smarter decisions and gain control of their operations. And we don’t stop there: we’re creating the future of financial automation so businesses can spend more time on what matters. Working here means you become part of a vision-driven team that’s ready to tackle challenges and build cutting-edge sol…",[],0,139620.12
5869482157,Risk Data Analyst,Bill.com,"Highland Park, Dallas",United States,IT Jobs,113215.0,113215.0,True,full_time,2026-09-03 14:31:33+00:00,"At BILL, we believe in empowering the businesses that drive our economy. By replacing outdated financial processes with innovative tools, we help businesses—from startups to established brands—make smarter decisions and gain control of their operations. And we don’t stop there: we’re creating the future of financial automation so businesses can spend more time on what matters. Working here means you become part of a vision-driven team that’s ready to tackle challenges and build cutting-edge sol…",[],0,113215.0
5869481602,Risk Data Analyst,Bill.com,"San Diego, San Diego County",United States,IT Jobs,131917.53,131917.53,True,full_time,2026-09-03 14:28:22+00:00,"At BILL, we believe in empowering the businesses that drive our economy. By replacing outdated financial processes with innovative tools, we help businesses—from startups to established brands—make smarter decisions and gain control of their operations. And we don’t stop there: we’re creating the future of financial automation so businesses can spend more time on what matters. Working here means you become part of a vision-driven team that’s ready to tackle challenges and build cutting-edge sol…",[],0,131917.53
5869482015,Risk Data Analyst,Bill.com,"Trammells, Harris County",United States,IT Jobs,117457.84,117457.84,True,full_time,2026-09-03 14:31:05+00:00,"At BILL, we believe in empowering the businesses that drive our economy. By replacing outdated financial processes with innovative tools, we help businesses—from startups to established brands—make smarter decisions and gain control of their operations. And we don’t stop there: we’re creating the future of financial automation so businesses can spend more time on what matters. Working here means you become part of a vision-driven team that’s ready to tackle challenges and build cutting-edge sol…",[],0,117457.84
5869482141,Risk Data Analyst,Bill.com,"Bee Cave, Travis County",United States,IT Jobs,106396.53,106396.53,True,full_time,2026-09-03 14:31:33+00:00,"At BILL, we believe in empowering the businesses that drive our economy. By replacing outdated financial processes with innovative tools, we help businesses—from startups to established brands—make smarter decisions and gain control of their operations. And we don’t stop there: we’re creating the future of financial automation so businesses can spend more time on what matters. Working here means you become part of a vision-driven team that’s ready to tackle challenges and build cutting-edge sol…",[],0,106396.53
5872825731,Data Analyst / Engineer,Kyndryl,"Bangalore, Karnataka",India,Accounting & Finance Jobs,,,False,full_time,2026-09-06 12:17:19+00:00,"This job is with Kyndryl, an inclusive employer and a member of myGwork – the largest global platform for the LGBTQ business community. Please do not contact the recruiter directly. Who We Are At Kyndryl, we run and reimagine the mission-critical technology systems that drive advantage for the world's leading businesses. We are at the heart of progress; with proven expertise and a continuous flow of AI-powered insight, enabling smarter decisions, faster innovation, and a lasting competitive edg…",[],0,
5873277903,Senior Data Analyst,Keka HR,"Hyderabad, Telangana",India,IT Jobs,,,False,Unknown,2026-09-07 00:53:19+00:00,"Job description About Keka: Keka is India's 1 People Operations Platform, trusted by 8,500 businesses to manage their HR, payroll, attendance, and performance processes. We are on a mission to make HR delightful and we're looking for passionate people to help us scale that mission through world-class marketing. Role & responsibilities: Data Management: Collect, organize, and maintain large datasets from multiple sources. Ensure data accuracy, completeness, and consistency. Develop and implement…",[],0,
5837139895,Liquidity - Data Analyst,Capco,India,India,Accounting & Finance Jobs,,,False,full_time,2026-08-12 01:59:43+00:00,"This job is with Capco, an inclusive employer and a member of myGwork – the largest global platform for the LGBTQ business community. Please do not contact the recruiter directly. Job Title: SOX Compliance About Us “Capco, a Wipro company, is a global technology and management consulting firm. Awarded with Consultancy of the year in the British Bank Award and has been ranked Top 100 Best Companies for Women in India 2022 by Avtar & Seramount . With our presence across 32 cities across globe, we…",[],0,
5879664973,Business Data Analyst,VOLTO Consulting,"Bangalore, Karnataka",India,IT Jobs,,,False,Unknown,2026-09-11 17:13:33+00:00,We’re looking for Data & Analytics professionals with strong hands-on experience in Microsoft Fabric. ⭐ MS FABRIC – MANDATORY  Location: Bangalore  Experience: 8–12 Years ⚡ Notice Period: Immediate Joiners Preferred Key Skills: • Microsoft Fabric ⭐ • Power BI • Qlik • Data Modelling & Analytics • Full Stack Development • Jira | GitHub | CI/CD  Interested? Share your updated CV: saraswathy.p@voltoconsulting.com Phone no- 9187225352,['Power BI'],1,
5879667961,Tech Data Analyst,Americana Restaurants,India,India,IT Jobs,,,False,Unknown,2026-09-11 17:16:03+00:00,"What You Bring Bachelor's degree in computer science, Engineering, Data Science, or (master's degree ). . Strong analytical and problem-solving skills with keen attention to detail. Proficiency in data analysis tools and languages (e.g., SQL, Presto, Hive, Python, R, etc.). Solid understanding of data structures and adept query construction skills. Strong SQL , Presto, Hive experience. Deep understanding of a range of customer data sources. Excellent communication and collaboration skills. Abil…","['SQL', 'Python', 'R']",3,
5864423408,Data Analyst - Fenergo,eClerx,"Mumbai, Maharashtra",India,IT Jobs,,,False,Unknown,2026-09-01 16:20:10+00:00,"Remediation Analysts: Required / Must-have: Ability to identify data quality issues, investigate root causes, and apply fixes in line with business rules Experience in data mapping and in executing data remediation and cleansing activities as part of a platform migration SQL (and Python if possible) skills for querying, analysing, and remediating data at scale Good working understanding of Fenergo (FenE) tool Ability to clearly document remediation outcomes for system implementation Good writte…","['SQL', 'Python']",2,
5864427373,Senior Data Analyst,Prescience Decision Solutions ,"Bangalore, Karnataka",India,IT Jobs,,,False,full_time,2026-09-01 16:21:00+00:00,"Experience: 3 -5 Years (In Data Analytics) Mode: Hybrid - Fulltime Location: Bangalore Must Have Skills: Advanced SQL, Complex queries, Business Analysis, Experimentation Prefer: Immediate Joiners/Serving Notice Key Skills & Qualifications: Advanced SQL expertise with strong proficiency in writing and optimizing complex queries. Proven ability to solve business problems through data-driven analysis and business case studies. Strong communication and stakeholder management skills, with the abili…",['SQL'],1,
5867263523,Senior Data Analyst,airtel,India,India,IT Jobs,,,False,Unknown,2026-09-02 21:45:18+00:00,"Role Summary: We are seeking a highly curious and motivated analytical person to join the Airtel Finance team which is growing at a significant pace. This role is crucial in transforming complex business challenges within the lending domain into actionable data strategies and innovative solutions. The ideal candidate will possess a strong blend of analytical prowess, business acumen, and a proactive approach to leveraging Artificial Intelligence to enhance efficiency and decision-making across …",[],0,
5867270472,Data Analyst/Data Engineer Intern,DeHaat,India,India,IT Jobs,,,False,Unknown,2026-09-02 21:46:21+00:00,"Role Overview: We are looking for a Data Analyst / Data Engineer Intern to work closely with the Product & Technology team on building and maintaining data pipelines, internal dashboards, reporting systems, and data-driven workflows. This is a hands-on role suited for someone who is technically strong, comfortable working with databases and data pipelines, and interested in understanding how data is used to build operational products. Key Responsibilities 1. Data Engineering & Data Pipelines A …",[],0,
5864432450,Credit Risk Data Analyst,Etenico Technologies,India,India,IT Jobs,,,False,Unknown,2026-09-01 16:21:54+00:00,"Credit Risk Data Analyst –SQL, Python & PySpark Experience: 3–7 Years Location: Bangalore Notice - Immediate to 15 Days Role Summary Seeking a Credit Risk Data Analyst with strong hands-on expertise in Python and PySpark to support large-scale data processing, validation, and analytics across credit risk datasets. The role focuses on leveraging distributed data frameworks to ensure data accuracy, scalability, and efficient processing within modern data platforms. Key Responsibilities Perform la…","['SQL', 'Python']",2,
5857251154,Liquidity Reporting- data analyst,Capco,India,India,Accounting & Finance Jobs,,,False,full_time,2026-08-27 02:10:30+00:00,"This job is with Capco, an inclusive employer and a member of myGwork – the largest global platform for the LGBTQ business community. Please do not contact the recruiter directly. Job title: Liquidity reporting Compliance Finance has mobilised a multi-year Integrity of Regulatory Reporting (IRR) programme to ensure that Regulatory Reporting across the Group is fit for purpose; accurate, timely and complete. The IRR programme is responsible for overseeing the design and implementation of a set o…",[],0,
5879657384,Sr. Data Analyst – SDM,Aceolution,"Hyderabad, Telangana",India,IT Jobs,,,False,Unknown,2026-09-11 17:11:16+00:00,"We are seeking a highly skilled and experienced Sr. Data Analyst – SDM to join our growing team. The ideal candidate will be a data-driven problem solver with strong expertise in data analytics, SQL, reporting, visualization, and stakeholder management. The role will involve working with large and complex datasets, developing meaningful dashboards and reports, translating data into actionable business insights, and effectively communicating findings to both technical and non-technical audiences…",['SQL'],1,
5846723089,Product Marketing Data Analyst,Danaher,"Maharashtra, India",India,IT Jobs,,,False,full_time,2026-08-18 18:03:33+00:00,"This job is with Danaher, an inclusive employer and a member of myGwork – the largest global platform for the LGBTQ business community. Please do not contact the recruiter directly. Find what drives you on a team with a more than 75-year history of discovery, determination, and innovation. As a global leader in high-tech filtration, separation, and purification, Pall Corporation thrives on helping our customers solve their toughest challenges. Our products serve diverse, global customer needs a…",[],0,
5864427059,Online Data Analyst - Punjabi,TELUS Digital,India,India,Scientific & QA Jobs,,,False,part_time,2026-09-01 16:20:55+00:00,"Job description Are you a detail-oriented individual with a passion for research and a good understanding of national and local geography? This freelance opportunity allows you to work at your own pace and from the comfort of your own home. A Day in the Life of an Online Data Analyst: In this role, you will be working on a project aimed at enhancing the content and quality of digital maps that are used by millions of people worldwide Completing research and evaluation tasks in a web-based envir…",[],0,
5882593417,Turkish Data Analyst (Remote),Hire Feed,India,India,Consultancy Jobs,,,False,full_time,2026-09-13 17:19:13+00:00,"Role: Turkish Data Analyst (Remote) Location : Remote (Work from Anywhere) Role Overview: We are hiring for one of our clients, seeking a Business Analyst (Turkish Language) to work on a full-time basis. The role requires strong analytical and English comprehension skills, with the ability to read, summarize, and break down large content into smaller logical blocks. Candidates will conduct online research, validate claims made in the content, and work with large language models (LLMs) to solve …",[],0,
5864435864,Senior Researcher & Data Analyst,Brainware University,"Barasat, North 24 Parganas",India,IT Jobs,,,False,full_time,2026-09-01 16:22:25+00:00,"Senior Operations Associate Location: Both Barasat and Salt-Lake campus (as per University's requirement) Can you read data, find patterns and drive better decisions? Brainware University is hiring Data Analysts. Brainware University is expanding it s AI Research & Development Cell and is looking for talented individuals who can analyze data deeply, identify meaningful patterns, generate actionable insights and support better Institutional decisions . This is not a routine Reporting role. It is…",[],0,
5869559140,Data Analyst - Team Lead,Aceolution,"Hyderabad, Telangana",India,IT Jobs,,,False,Unknown,2026-09-04 02:34:28+00:00,"We are seeking an experienced and results-driven Data Analysis Team Lead to join our growing analytics team. The ideal candidate will possess strong analytical capabilities, excellent leadership skills, and a passion for transforming complex data into actionable business insights. This role involves working with large-scale datasets, developing impactful dashboards and reports, collaborating with cross-functional stakeholders, and mentoring a team of analysts to support data-driven decision-mak…",[],0,
5871991986,Data Analyst – Power Platform,Innover Digital,"Bangalore, Karnataka",India,Engineering Jobs,,,False,Unknown,2026-09-05 18:30:29+00:00,"About Us: Innover is an award-winning AI-first engineering firm, transforming businesses through Experience Engineering, Digital Engineering, and Process Engineering. Our interconnected competencies seamlessly deliver comprehensive industry solutions—Experience Engineering shapes visionary strategies, Digital Engineering brings them to life, and Process Engineering ensures flawless execution. With deep technical expertise and business acumen, we’ve empowered over 65 Fortune 1000 companies to ac…",[],0,
5870693437,Senior Financial Data Analyst,Moody's,"Bangalore, Karnataka",India,Accounting & Finance Jobs,,,False,full_time,2026-09-04 20:32:50+00:00,"This job is with Moody's, an inclusive employer and a member of myGwork – the largest global platform for the LGBTQ business community. Please do not contact the recruiter directly. At Moody's, we unite the brightest minds to turn today’s risks into tomorrow’s opportunities. We do this by striving to create an inclusive environment where everyone feels welcome to be who they are—with the freedom to exchange ideas, think innovatively, and listen to each other and customers in meaningful ways. Mo…",[],0,
5855429462,Data Analyst (Chinese Linguist),S&P Global,India,India,Accounting & Finance Jobs,,,False,full_time,2026-08-25 20:08:20+00:00,"This job is with S&P Global, an inclusive employer and a member of myGwork – the largest global platform for the LGBTQ business community. Please do not contact the recruiter directly. About the Role: Grade Level (for internal use): 07 The Team: The Private Equity and Advisory Profiles Team primarily focuses on maintaining and updating profiles of Private Equity and Venture Capital firms. With global coverage, we aim to deliver research, content, and analytics about the public and private capit…",[],0,
5867263635,Senior Data Analyst- 18891,EXL,India,India,IT Jobs,,,False,Unknown,2026-09-02 21:45:19+00:00,"Role Overview We are seeking an experienced Data Governance & Analytics professional with 7 years of experience in data governance, data quality, analytics, and enterprise data environments. The ideal candidate will have strong client-facing skills and the ability to collaborate effectively across business, analytics, and technology teams. Key Responsibilities Drive Data Governance initiatives, including Data Quality Management, Data Profiling, Data Integrity & Cleansing, Data Quality Monitorin…",[],0,
5864436028,Data Analyst – Transport MIS & Data Analytics,Pahlé India Foundation ,India,India,IT Jobs,,,False,full_time,2026-09-01 16:22:27+00:00,"About Pahlé India Foundation Pahlé India Foundation (PIF) is a New Delhi-based public policy think-and-action tank founded by Dr. Rajiv Kumar, former Vice Chairman of NITI Aayog. PIF works with central and state governments, multilateral agencies, and institutional partners on policy research, implementation support, and advisory assignments across sectors including governance, transport, infrastructure, and public administration. PIF's Northeast Regional Office, based in Guwahati, leads the Fo…",[],0,
5871992153,Data Analyst – SQL/Power BI,Innover Digital,"Bangalore, Karnataka",India,IT Jobs,,,False,Unknown,2026-09-05 18:30:45+00:00,"About Us: Innover is an award-winning AI-first engineering firm, transforming businesses through Experience Engineering, Digital Engineering, and Process Engineering. Our interconnected competencies seamlessly deliver comprehensive industry solutions—Experience Engineering shapes visionary strategies, Digital Engineering brings them to life, and Process Engineering ensures flawless execution. With deep technical expertise and business acumen, we’ve empowered over 65 Fortune 1000 companies to ac…","['SQL', 'Power BI']",2,
5871991935,Data Analyst – Microsoft Fabric/Pyspark,Innover Digital,"Bangalore, Karnataka",India,IT Jobs,,,False,Unknown,2026-09-05 18:30:24+00:00,"About Us: Innover is an award-winning AI-first engineering firm, transforming businesses through Experience Engineering, Digital Engineering, and Process Engineering. Our interconnected competencies seamlessly deliver comprehensive industry solutions—Experience Engineering shapes visionary strategies, Digital Engineering brings them to life, and Process Engineering ensures flawless execution. With deep technical expertise and business acumen, we’ve empowered over 65 Fortune 1000 companies to ac…",[],0,
5864442476,Online Data Analyst - Odia Language.,TELUS,India,India,IT Jobs,,,False,part_time,2026-09-01 16:23:14+00:00,"Job description Are you a research-minded individual with a keen eye for detail and a good understanding of national and local geography? This freelance opportunity allows you to work at your own pace and from home. A day in the life of an online data analyst: In this role, you will work on a project that aims to improve the content and quality of digital maps used by people around the world. Conduct research and evaluation in a web-based environment, including data verification, comparison, an…",[],0,
5870859811,Online Data Analyst - Odia Language,TELUS Digital AI Data Solutions,"Bangalore, Karnataka",India,IT Jobs,,,False,part_time,2026-09-04 22:29:34+00:00,"Job description Are you a research-minded individual with a keen eye for detail and a good understanding of national and local geography? This freelance opportunity allows you to work at your own pace and from home. A day in the life of an online data analyst: In this role, you will work on a project that aims to improve the content and quality of digital maps used by people around the world. Conduct research and evaluation in a web-based environment, including data verification, comparison, an…",[],0,
5864431974,Online Data Analyst Urdu _India,TELUS Digital AI Data Solutions,India,India,Scientific & QA Jobs,,,False,part_time,2026-09-01 16:21:49+00:00,"Job description Are you a detail-oriented individual with a passion for research and a good understanding of national and local geography? This freelance opportunity allows you to work at your own pace and from the comfort of your own home. A Day in the Life of an Online Data Analyst: In this role, you will be working on a project aimed at enhancing the content and quality of digital maps that are used by millions of people worldwide Completing research and evaluation tasks in a web-based envir…",[],0,
5854537719,"Sr Manager, Data Analyst (Contract)",Standard Chartered Bank,"Bangalore, Karnataka",India,Accounting & Finance Jobs,,,False,full_time,2026-08-25 00:07:28+00:00,"This job is with Standard Chartered Bank, an inclusive employer and a member of myGwork – the largest global platform for the LGBTQ business community. Please do not contact the recruiter directly. Job Summary The role is responsible for strengthening the data, automation and control framework supporting CIB Credit Risk reporting, with a focus on Financial Sponsors and Private Credit. The role holder will work closely with reporting, data, technology and change teams to improve data sourcing, d…",[],0,
5881763217,Senior Data Analyst – Remote India,Vamstar,India,India,IT Jobs,,,False,Unknown,2026-09-13 01:08:05+00:00,"Company Description Vamstar equips leading global MedTech, Pharma, and Biotech organizations with agentic AI solutions designed to drive commercial performance, from tendering and pricing to market access and contracts. Existing Clients: Top 100 Lifesciences, MedTech and Pharma companies Job Requirements Gather client business requirements to build and maintain end-to-end data reporting pipelines and visual dashboards Maintaining and improving our existing tools and processes with statistical m…",['Statistics'],1,
5876871774,Sr Lead Data Analyst- APP,Airtel Digital,India,India,IT Jobs,,,False,Unknown,2026-09-09 14:45:29+00:00,"Experience: Minimum 8 years of overall experience. Relevant Analytics Experience: Minimum 6 years of relevant experience in Analytics. Team Handling: Minimum 2 years of experience managing a team, ideally handling 5–8 members . Stakeholder Management: Strong stakeholder management is the key requirement, as the role is 70–80% stakeholder management and team handling . Technical Skills: Around 20% of the role involves SQL/Python coding . Strong hands-on expertise is preferred. ML is good to have…","['SQL', 'Python']",2,
5882595924,Lead Data Analyst - Cyber Incident Review.,Epiq,"Hyderabad, Telangana",India,IT Jobs,,,False,Unknown,2026-09-13 17:21:06+00:00,"Job Summary The Lead Data Analyst - Cyber Incident Review is responsible for leading a team of Cyber Review Analysts while ensuring the delivery of high-quality review services, adherence to security standards, and compliance with established protocols. This role combines hands-on cyber review expertise with people leadership, quality oversight, operational coordination, and data-driven decision-making. The successful candidate will perform the responsibilities of a Cyber Review Analyst and Qua…",[],0,
5864437348,"Senior Marketing Data Analyst (Python, SQL)",Blend,"Hyderabad, Telangana",India,"PR, Advertising & Marketing Jobs",,,False,Unknown,2026-09-01 16:22:37+00:00,"Blend is a premier AI services provider, committed to co-creating meaningful impact for its clients through the power of data science, AI, technology, and people. With a mission to fuel bold visions, Blend tackles significant challenges by seamlessly aligning human expertise with artificial intelligence. The company is dedicated to unlocking value and fostering innovation for its clients by harnessing world-class people and data-driven strategy. We believe that the power of people and AI can ha…","['SQL', 'Python']",2,
5871992384,Data Analyst / Reporting & Insights Analyst (Banking Domain),eClerx,"Mumbai, Maharashtra",India,IT Jobs,,,False,Unknown,2026-09-05 18:31:23+00:00,"We are looking for a Banking domain Data Analyst who can turn complex data into clear, decision-ready insights. The role involves advanced Excel & SQL analysis , Tableau , performance tracking , forecasting & budget tracking , and strong stakeholder management across multiple teams. Key Responsibilities Build and manage dashboards & reports using Tableau (preferred) or other BI tools (Power BI, Looker, etc.). SQL skills for data extraction and validation. Exposure to automation (Excel macros/VB…","['SQL', 'Power BI', 'Tableau', 'Excel', 'Looker']",5,
5864442886,Data Quality Analyst,Sambodhi Research and Communications Pvt. Ltd.,India,India,IT Jobs,,,False,full_time,2026-09-01 16:23:17+00:00,"Company Description Sambodhi Research and Communications Pvt. Ltd. is a knowledge-based organization that focuses on promoting accountability in the public domain. We provide project management, monitoring & evaluation, and research solutions to implementers, governments, aid agencies, and philanthropic foundations. Our expertise lies in evaluating large-scale interventions in sectors such as public health, nutrition, sanitation, renewable energy, livelihoods, and microfinance. We are committed…",[],0,
5864440835,Data Privacy Analyst,NTT DATA Business Solutions,India,India,IT Jobs,,,False,Unknown,2026-09-01 16:23:06+00:00,"Build the Future with Us. Join NTT DATA Business Solutions, a global leader in SAP consulting and digital transformation. As part of the NTT DATA Group, we collaborate with over 16,700 professionals in 30 countries to deliver innovative SAP solutions that help businesses thrive. Take the next step in your career and become a trusted partner to our global customers. In this role, you'll support and optimize complex SAP landscapes, drive operational excellence, and contribute to impactful digital…",[],0,
5867270200,Data Security Analyst,Thakral One,India,India,IT Jobs,,,False,Unknown,2026-09-02 21:46:17+00:00,"As a Data Security Analyst (AVP) , you will safeguard the bank's data, ensuring it is securely handled, stored, and shared. You will focus on monitoring, detection, and investigation of data‑related security risks, including data loss, unauthorised access, and misuse across enterprise environments. You will play a key role in implementing and managing data security controls such as Data Loss Prevention (DLP), data classification, and monitoring capabilities to protect critical information. What…",[],0,
5864443271,Data & Insights Analyst,Ecomm-Inroads,India,India,IT Jobs,,,False,Unknown,2026-09-01 16:23:20+00:00,"Why Join Us: We’re a small but mighty Amazon & TikTok growth agency with real momentum, and we’re still small enough that every person on the team genuinely matters. No layers, no bureaucracy. Just a tight group of smart, fun people doing great work together. Work directly with the founders. You’ll work alongside the people who built this business from the ground up. A ringside seat to everything. You’ll play a pivotal role in preparing for client conversations, the beating heart of this busine…",[],0,
5871992663,Data Quality Analyst,WinnerBrands,"Chennai, Tamil Nadu",India,IT Jobs,,,False,part_time,2026-09-05 18:31:50+00:00,"Title: Quality Auditor Program Manager Experience: 2 years Location: Chennai Role Type: Contractual (3 months) About the Employer Brand The organization is a leading global entertainment and streaming platform that brings together critically acclaimed original programming, movies, television series, live sports, and other immersive entertainment experiences. Supported by a diverse global team and an extensive digital ecosystem, the organization enables creators, marketers, and operational teams…",[],0,
5867115068,Data Management Analyst,Moody's,"Bangalore, Karnataka",India,IT Jobs,,,False,full_time,2026-09-02 18:15:33+00:00,"This job is with Moody's, an inclusive employer and a member of myGwork – the largest global platform for the LGBTQ business community. Please do not contact the recruiter directly. At Moody's, we unite the brightest minds to turn today’s risks into tomorrow’s opportunities. We do this by striving to create an inclusive environment where everyone feels welcome to be who they are—with the freedom to exchange ideas, think innovatively, and listen to each other and customers in meaningful ways. Mo…",[],0,
5870527967,Senior Data Analyst (Advanced Excel with PowerBI) - Gurgaon Location,Sonata Software,India,India,IT Jobs,,,False,Unknown,2026-09-04 16:57:53+00:00,"Greetings Currently we have an urgent Position for Senior Data Analyst Advanced Excel with Power BI role for one of our projects, location based in Gurgaon. Kindly find below the details for your Perusal. Job Location : Gurgaon Mode of Employment : Permanent (Weekly 4 days WFO) - Shift timing: 7:30 AM IST to 7:30 PM IST Job Description: Financial Data Analytics Financial Forecasting Models Financial data and Macros Types of Variances Data modeling, Excel-based reporting Good Communication Skill…","['Power BI', 'Excel']",2,
5883563676,Data Analyst (Fully Remote) – Top US MNC (Enterprise Software),SkillsCapital,India,India,IT Jobs,,,False,Unknown,2026-09-14 17:18:19+00:00,"We are hiring Data Analysts to join a Top US MNC building and scaling large-scale enterprise platforms, cloud-native applications, SaaS products, and AI-powered business solutions. This is an opportunity to work with a globally recognized organization while collaborating with business leaders, product managers, engineers, and data teams to transform data into actionable insights that drive business decisions and improve customer experiences. Location 100% Remote Start Date Immediate to 4 Weeks …",[],0,
5882861236,Data Privacy Analyst (Remote),Quik Hire Staffing,India,India,IT Jobs,,,False,Unknown,2026-09-14 01:11:09+00:00,"Role : Data Privacy Analyst (Remote) Location : Remote (Work from Anywhere) Role Overview: A leading organization is seeking a Data Privacy Analyst to review and improve data privacy practices, policies, and procedures. The role involves ensuring compliance with privacy regulations and protecting organizational data assets. This position requires collaboration with cross-functional teams to identify risks and implement mitigation strategies. Key Responsibilities: • Conduct data protection impac…",[],0,
5864431325,Sr. Data & Reporting Analyst,iShare Inc.,India,India,IT Jobs,,,False,Unknown,2026-09-01 16:21:45+00:00,"Senior Engineer – Applied AI (Agentic AI Systems) Tenure: 6 Months Location: Remote Shift: 2 PM – 11 PM Experience: 5–8 Years Role Overview: We are looking for a hands-on Senior Engineer to build and productionize GenAI and Agentic AI solutions , with strong backend engineering and production support experience. Must-Have Skills: Strong Python development GenAI / LLM application development Agentic AI frameworks – LangGraph, LangChain, AutoGen, CrewAI, LlamaIndex RAG , prompt engineering, tool …",['Python'],1,
5857251168,Competitive Data Eng & Analyst,eBay,"Bangalore, Karnataka",India,IT Jobs,,,False,full_time,2026-08-27 02:10:33+00:00,"This job is with eBay, an inclusive employer and a member of myGwork – the largest global platform for the LGBTQ business community. Please do not contact the recruiter directly. At eBay, we're more than a global ecommerce leader - we're changing the way the world shops and sells. Our platform empowers millions of buyers and sellers in more than 190 markets around the world. We're committed to pushing boundaries and leaving our mark as we reinvent the future of ecommerce for enthusiasts. Our cu…",[],0,
5864441282,Senior Data & Insights Analyst,Linemate,India,India,IT Jobs,,,False,Unknown,2026-09-01 16:23:08+00:00,"Company Description Linemate builds a WhatsApp-based platform for frontline operations — checklists, ticketing, and workflows for teams that don't sit behind a desk. We work with customers across industries, operating in India and the Middle East, with plans to expand globally. At our core, we're a data company. The real value we create for customers comes from the operational data their frontline teams generate every day — completed checklists, raised tickets, resolution times. Turning that ra…",[],0,
5873073745,Data Security Analyst Engineer,Takeda,"Bangalore, Karnataka",India,IT Jobs,,,False,Unknown,2026-09-06 18:33:43+00:00,"Skills and Qualifications: BS in Computer Science or related field, or equivalent work experience Minimum 3 year of relevant experience in a deep technical role using the following essential qualifications. Programming Skills: Proficiency in languages such as Python for integrations, automations, and policy/platform tooling (e.g., APIs, scripts, and CI/CD automation) AWS DevSecOps: Strong proficiency and knowledge of AWS Services and DevSecOps Pratice. Identity & Access: General knowledge of Id…","['Python', 'AWS']",2,
5869558783,Lead Data Insight Analyst - Data warehousing [T500-29065],Albertsons Companies India,"Bangalore, Karnataka",India,IT Jobs,,,False,Unknown,2026-09-04 02:33:14+00:00,"About Albertsons Companies Inc. (ACI): As a leading food and drug retailer in the United States, Albertsons Companies, Inc. operates over 2,200 stores across 35 states and the District of Columbia. Our well-known banners across the United States, including Albertsons, Safeway, Vons, Jewel-Osco and others, serve more than 36 million U.S customers each week. We build and shape technology solutions that solve customers’ problems every day, making things easier for them when they shop with us onlin…",[],0,
5870527956,Data Analyst (B.Tech from Tier-1 or Tier-2 College),Collegedunia,India,India,IT Jobs,,,False,Unknown,2026-09-04 16:57:53+00:00,"About Collegedunia Collegedunia is one of India’s leading education platforms, helping students discover the best colleges in India and abroad. From college research and exam prep to applications and campus insights, we simplify the entire student journey. Founded in 2014, Collegedunia is consistently ranked among the top education portals by SimilarWeb and recognized as “Best Educational Portal” by IAMAI . It has also been featured among Top 100 Startups in Asia by Tech in Asia. Backed by a te…",[],0,
5864426422,SAP MM data migration analyst,Zora Technology Inc,India,India,IT Jobs,,,False,full_time,2026-09-01 16:20:48+00:00,"Company Description Zora Technology Inc. is a technology-focused organization dedicated to helping businesses modernize and optimize their enterprise systems. The company delivers tailored IT consulting and implementation services, with a strong emphasis on data integrity, system reliability, and process efficiency. Teams at Zora Technology Inc. work with leading platforms such as SAP to support complex digital transformation initiatives. The company values collaboration, continuous learning, a…",[],0,
5864442750,Data Quality Analyst – AI/ML,Innodata India Private Limited,India,India,IT Jobs,,,False,Unknown,2026-09-01 16:23:16+00:00,"Job Summary We are looking for a Data Quality Analyst – AI/ML to ensure the accuracy, consistency, completeness, and reliability of datasets used in AI/ML applications. The role involves reviewing large volumes of digital content and datasets, identifying quality issues, applying defined quality standards, and supporting continuous improvement of AI data workflows. Key Responsibilities Review and evaluate text, images, videos, audio, and other digital content against defined quality standards. …",[],0,
5856597200,Data Analyst,Hackajob Ltd,"Upton Scudamore, Warminster",United Kingdom,IT Jobs,65567.38,65567.38,True,Unknown,2026-08-26 09:48:37+00:00,"hackajob is partnering directly with Raytheon UK to hire for this role. Date Posted: 2026-09-08 Country: United Kingdom Location: Warminster, Wiltshire Position Role Type: Hybrid Data Analyst Be at the forefront of transforming British Army training. About us: At OMNIA Training, weve brought together some of the UKs most innovative defence training organisations under one powerful mission: to transform the British Armys training system and create the best-trained Army in the world. OMNIA are re…",[],0,65567.38
5854221427,Data Analyst,Innoviz Limited,"Milton Keynes, Buckinghamshire",United Kingdom,IT Jobs,34000.0,45000.0,False,full_time,2026-08-24 07:45:02+00:00,"* Collect data from databases, spreadsheets, APIs, or other sources. * Clean and prepare data for analysis. * Analyze data to identify trends, patterns, and business opportunities. * Write SQL queries to retrieve and manipulate data. * Create dashboards and reports using Power BI or Tableau. * Use Excel for data analysis, formulas, PivotTables, and reporting. * Perform basic statistical analysis. * Communicate insights and recommendations to managers and stakeholders. * Validate data accuracy a…","['SQL', 'Power BI', 'Tableau', 'Excel', 'Statistics']",5,39500.0
5881874408,Retail Data Analyst,Hackajob Ltd,"Holbeck, Leeds",United Kingdom,Retail Jobs,48104.44,48104.44,True,Unknown,2026-09-12 23:50:08+00:00,"hackajob is partnering directly with Jet2.com and Jet2holidays to hire for this role. At Jet2.com and Jet2holidays were working together to deliver an amazing journey, literally! We work together to really drive forward a Customer First ethos, creating unforgettable package holidays and flights. We couldnt do it without our wonderful people. As our new Retail Data Analyst within the Retail Revenue department, youll have a major impact on helping us achieve our goal. Working alongside the In-Fli…",[],0,48104.44
5838381458,Lead Data Analyst,Wise,"London, UK",United Kingdom,Accounting & Finance Jobs,71829.23,71829.23,True,full_time,2026-08-12 15:38:55+00:00,"Wise is a global technology company, building the best way to move and manage the world’s money. Min fees. Max ease. Full speed. Whether people and businesses are sending money to another country, spending abroad, or making and receiving international payments, Wise is on a mission to make their lives easier and save them money. As part of our team, you will be helping us create an entirely new network for the worlds money. For everyone, everywhere. Job Description We are looking for a Lead Dat…",[],0,71829.23
5854394670,"Data Analyst, Operations",Brainlabs,UK,United Kingdom,IT Jobs,63044.95,63044.95,True,full_time,2026-08-24 15:08:37+00:00,"Brainlabs is the independent, founder-led agency building the future of media. We have over 1000 Brainlabbers based across the global, all united through the 12 principles laid out in our Culture Code. Were full-service, with people and AI agents working side by side, all aligned to one thing: maximizing our clients revenue through a genuinely scientific approach to media. If you want to help play your part in achieving this for the worlds biggest brands in an environment that will support and …",[],0,63044.95
5879749780,Data Analyst,Anson Mccade,"London, UK",United Kingdom,IT Jobs,49156.57,49156.57,True,full_time,2026-09-11 13:56:37+00:00,"£45,000 - 60,000 GBP Pension, Benefits Hybrid WORKING Location: Central London, Greater London - United Kingdom Type: Permanent Data Analyst (Reporting & Visualisation) Data & Digital Transformation Location: London / Hybrid Working Salary: Up to £60,000  Benefits Package About the Role We're supporting a leading transformation consultancy looking to expand its Data & Technology practice with the addition of a Data Analyst specialising in Reporting & Visualisation. This is an excellent opportun…",[],0,49156.57
5871611701,Trainee Data Analyst No Experience Required,NEWTO TRAINING LIMITED,"Bristol, South West England",United Kingdom,IT Jobs,65000.0,65000.0,False,Unknown,2026-09-05 07:31:41+00:00,"Trainee Data Analyst No Experience Required From £30,000 - £65,000. *This is a self-funded career programme with a guaranteed job on completion or 100% of your course fees back* Train. Certify. Get Hired. Are you looking to start a career in data but don't know where to begin? The demand for Data Analysts has grown by 20% annually, with experienced professionals earning salaries upwards of £58,000. In todays digital world, data is critical to business decision-making, making the role of a Data …",[],0,65000.0
5878824714,People Systems and Data Analyst,BPHA,"Clapham, Bedford",United Kingdom,IT Jobs,35000.0,35000.0,False,part_time,2026-09-10 19:45:34+00:00,"People Systems & Data Analyst Bedfordshire (Hybrid) Full Time (Part time hours considered, minimum of 25 hours per week to be worked over 5 days) Permanent £38,000 FTE Turning people data into meaningful insight. Improving systems. Helping shape better decisions. At bpha, we believe great people decisions start with great data. We're looking for a People Systems & Data Analyst to help us make the most of our people systems, data and reporting. This is a fantastic opportunity for someone who's n…",[],0,35000.0
5861182353,Risk Technology Data Analyst,BGC Partners,"London, UK",United Kingdom,IT Jobs,46263.4,46263.4,True,full_time,2026-08-29 15:29:41+00:00,"The Risk Technology Data Analyst will be a key member of the Risk Management Technology team, contributing to the development and enhancement of risk systems. This role offers an opportunity to work with a dynamic team, utilizing cutting-edge technologies to manage and mitigate risks across the enterprise. Responsibilities Collaborate with Risk Management to gather and analyze requirements for risk systems. Build and enhance data analysis processes, including asset valuations and custom measure…",[],0,46263.4
5838383439,"Staff Data Analyst, Operations",Wise,"London, UK",United Kingdom,IT Jobs,88466.81,88466.81,True,full_time,2026-08-12 15:39:11+00:00,"Wise is a global technology company, building the best way to move and manage the world’s money. Min fees. Max ease. Full speed. Whether people and businesses are sending money to another country, spending abroad, or making and receiving international payments, Wise is on a mission to make their lives easier and save them money. As part of our team, you will be helping us create an entirely new network for the worlds money. For everyone, everywhere. Job Description At Wise, our Staff Analyst is…",[],0,88466.81
5871614428,Trainee Data Analyst No Experience Required,NEWTO TRAINING LIMITED,"Glasgow, Scotland",United Kingdom,IT Jobs,65000.0,65000.0,False,Unknown,2026-09-05 07:33:19+00:00,"Trainee Data Analyst No Experience Required From £30,000 - £65,000. *This is a self-funded career programme with a guaranteed job on completion or 100% of your course fees back* Train. Certify. Get Hired. Are you looking to start a career in data but don't know where to begin? The demand for Data Analysts has grown by 20% annually, with experienced professionals earning salaries upwards of £58,000. In todays digital world, data is critical to business decision-making, making the role of a Data …",[],0,65000.0
5871614422,Trainee Data Analyst No Experience Required,NEWTO TRAINING LIMITED,"Cardiff County, Wales",United Kingdom,IT Jobs,65000.0,65000.0,False,Unknown,2026-09-05 07:33:19+00:00,"Trainee Data Analyst No Experience Required From £30,000 - £65,000. *This is a self-funded career programme with a guaranteed job on completion or 100% of your course fees back* Train. Certify. Get Hired. Are you looking to start a career in data but don't know where to begin? The demand for Data Analysts has grown by 20% annually, with experienced professionals earning salaries upwards of £58,000. In todays digital world, data is critical to business decision-making, making the role of a Data …",[],0,65000.0
5871614424,Trainee Data Analyst No Experience Required,NEWTO TRAINING LIMITED,"Leeds, West Yorkshire",United Kingdom,IT Jobs,65000.0,65000.0,False,Unknown,2026-09-05 07:33:19+00:00,"Trainee Data Analyst No Experience Required From £30,000 - £65,000. *This is a self-funded career programme with a guaranteed job on completion or 100% of your course fees back* Train. Certify. Get Hired. Are you looking to start a career in data but don't know where to begin? The demand for Data Analysts has grown by 20% annually, with experienced professionals earning salaries upwards of £58,000. In todays digital world, data is critical to business decision-making, making the role of a Data …",[],0,65000.0
5872260634,Trainee Data Analyst No Experience Required,NEWTO TRAINING LIMITED,"Sheffield, South Yorkshire",United Kingdom,IT Jobs,65000.0,65000.0,False,Unknown,2026-09-05 19:34:33+00:00,"Trainee Data Analyst No Experience Required From £30,000 - £65,000. *This is a self-funded career programme with a guaranteed job on completion or 100% of your course fees back* Train. Certify. Get Hired. Are you looking to start a career in data but don't know where to begin? The demand for Data Analysts has grown by 20% annually, with experienced professionals earning salaries upwards of £58,000. In todays digital world, data is critical to business decision-making, making the role of a Data …",[],0,65000.0
5868457216,Data Analyst Placement Programme No Experience Needed,IT Online Learning,"Bristol, South West England",United Kingdom,IT Jobs,65000.0,65000.0,False,Unknown,2026-09-03 07:28:37+00:00,"Data Analyst Placement Programme no experience needed From £30,000 to £65,000 per annum Trainee Data Analyst £30,000£65,000 Job Programme This is a self-funded programme that leads to employment, fees apply. Job Guarantee Complete the programme and get a job, or get your course fees back. Location: UK Wide (Remote Opportunities Available) Looking to start a career in Data Analysis? We are offering a structured pathway into Data Analysis, designed to help you enter the industry with no prior exp…",[],0,65000.0
5871611706,Data Analyst Placement Programme No Experience Needed,IT Online Learning,"Edinburgh, Scotland",United Kingdom,IT Jobs,65000.0,65000.0,False,Unknown,2026-09-05 07:31:41+00:00,"Data Analyst Placement Programme no experience needed From £30,000 to £65,000 per annum Trainee Data Analyst £30,000£65,000 Job Programme This is a self-funded programme that leads to employment, fees apply. Job Guarantee Complete the programme and get a job, or get your course fees back. Location: UK Wide (Remote Opportunities Available) Looking to start a career in Data Analysis? We are offering a structured pathway into Data Analysis, designed to help you enter the industry with no prior exp…",[],0,65000.0
5869622912,Trainee Data Analyst No Experience Required,NEWTO TRAINING LIMITED,"Liverpool, Merseyside",United Kingdom,IT Jobs,65000.0,65000.0,False,Unknown,2026-09-03 23:36:33+00:00,"Trainee Data Analyst No Experience Required From £30,000 - £65,000. *This is a self-funded career programme with a guaranteed job on completion or 100% of your course fees back* Train. Certify. Get Hired. Are you looking to start a career in data but don't know where to begin? The demand for Data Analysts has grown by 20% annually, with experienced professionals earning salaries upwards of £58,000. In todays digital world, data is critical to business decision-making, making the role of a Data …",[],0,65000.0
5871614438,Data Analyst Placement Programme No Experience Needed,IT Online Learning,"Leeds, West Yorkshire",United Kingdom,IT Jobs,65000.0,65000.0,False,Unknown,2026-09-05 07:33:19+00:00,"Data Analyst Placement Programme no experience needed From £30,000 to £65,000 per annum Trainee Data Analyst £30,000£65,000 Job Programme This is a self-funded programme that leads to employment, fees apply. Job Guarantee Complete the programme and get a job, or get your course fees back. Location: UK Wide (Remote Opportunities Available) Looking to start a career in Data Analysis? We are offering a structured pathway into Data Analysis, designed to help you enter the industry with no prior exp…",[],0,65000.0
5868457898,Data Analyst Placement Programme No Experience Needed,IT Online Learning,"Liverpool, Merseyside",United Kingdom,IT Jobs,65000.0,65000.0,False,Unknown,2026-09-03 07:29:42+00:00,"Data Analyst Placement Programme no experience needed From £30,000 to £65,000 per annum Trainee Data Analyst £30,000£65,000 Job Programme This is a self-funded programme that leads to employment, fees apply. Job Guarantee Complete the programme and get a job, or get your course fees back. Location: UK Wide (Remote Opportunities Available) Looking to start a career in Data Analysis? We are offering a structured pathway into Data Analysis, designed to help you enter the industry with no prior exp…",[],0,65000.0
5868457872,Data Analyst Placement Programme No Experience Needed,IT Online Learning,"Sheffield, South Yorkshire",United Kingdom,IT Jobs,65000.0,65000.0,False,Unknown,2026-09-03 07:29:41+00:00,"Data Analyst Placement Programme no experience needed From £30,000 to £65,000 per annum Trainee Data Analyst £30,000£65,000 Job Programme This is a self-funded programme that leads to employment, fees apply. Job Guarantee Complete the programme and get a job, or get your course fees back. Location: UK Wide (Remote Opportunities Available) Looking to start a career in Data Analysis? We are offering a structured pathway into Data Analysis, designed to help you enter the industry with no prior exp…",[],0,65000.0
5868457878,Data Analyst Placement Programme No Experience Needed,IT Online Learning,"Cardiff County, Wales",United Kingdom,IT Jobs,65000.0,65000.0,False,Unknown,2026-09-03 07:29:42+00:00,"Data Analyst Placement Programme no experience needed From £30,000 to £65,000 per annum Trainee Data Analyst £30,000£65,000 Job Programme This is a self-funded programme that leads to employment, fees apply. Job Guarantee Complete the programme and get a job, or get your course fees back. Location: UK Wide (Remote Opportunities Available) Looking to start a career in Data Analysis? We are offering a structured pathway into Data Analysis, designed to help you enter the industry with no prior exp…",[],0,65000.0
5859492510,Data Analyst (AI Training),OneForma,"Furzedown, South West London",United Kingdom,Part time Jobs,22880.0,22880.0,False,part_time,2026-08-28 09:16:41+00:00,"We're looking for English speakers located anywhere in United Kingdom ! About the Role Join OneForma and help improve real-world map and geo-localization applications. As a Data Analyst for AI Training , you’ll evaluate real user search queries to enhance search accuracy, relevance, and overall navigation experience. Purpose: Tasks may include reviewing queries like “pharmacy near me” or “railway station” and checking if the results match user intent. This is a straightforward task with no tech…",[],0,22880.0
5877162977,Market Data Analyst AVP,Hunter Bond,"London, UK",United Kingdom,IT Jobs,72841.98,72841.98,True,full_time,2026-09-09 15:28:03+00:00,"Market Data Analyst AVP | London | £70-85k Ready to take ownership of a global Market Data function rather than just maintain it? We're working with a leading financial services firm looking for a Market Data Analyst AVP to lead licensing, vendor management, audits, reporting and governance activities across a global environment. You'll also manage and develop an Associate while working closely with stakeholders across the business. This is a fantastic opportunity for someone who understands ma…",[],0,72841.98
5866532951,Data Analyst Placement Programme No Experience Needed,IT Online Learning,"Glasgow, Scotland",United Kingdom,IT Jobs,65000.0,65000.0,False,Unknown,2026-09-02 05:55:36+00:00,"Data Analyst Placement Programme no experience needed From £30,000 to £65,000 per annum Trainee Data Analyst £30,000£65,000 Job Programme This is a self-funded programme that leads to employment, fees apply. Job Guarantee Complete the programme and get a job, or get your course fees back. Location: UK Wide (Remote Opportunities Available) Looking to start a career in Data Analysis? We are offering a structured pathway into Data Analysis, designed to help you enter the industry with no prior exp…",[],0,65000.0
5866532946,Data Analyst Placement Programme No Experience Needed,IT Online Learning,"Manchester, Greater Manchester",United Kingdom,IT Jobs,65000.0,65000.0,False,Unknown,2026-09-02 05:55:35+00:00,"Data Analyst Placement Programme no experience needed From £30,000 to £65,000 per annum Trainee Data Analyst £30,000£65,000 Job Programme This is a self-funded programme that leads to employment, fees apply. Job Guarantee Complete the programme and get a job, or get your course fees back. Location: UK Wide (Remote Opportunities Available) Looking to start a career in Data Analysis? We are offering a structured pathway into Data Analysis, designed to help you enter the industry with no prior exp…",[],0,65000.0
5866532943,Data Analyst Placement Programme No Experience Needed,IT Online Learning,"Birmingham, West Midlands",United Kingdom,IT Jobs,65000.0,65000.0,False,Unknown,2026-09-02 05:55:35+00:00,"Data Analyst Placement Programme no experience needed From £30,000 to £65,000 per annum Trainee Data Analyst £30,000£65,000 Job Programme This is a self-funded programme that leads to employment, fees apply. Job Guarantee Complete the programme and get a job, or get your course fees back. Location: UK Wide (Remote Opportunities Available) Looking to start a career in Data Analysis? We are offering a structured pathway into Data Analysis, designed to help you enter the industry with no prior exp…",[],0,65000.0
5848186934,Senior Product Data Analyst - Consumer Growth,SumUp,"London, UK",United Kingdom,"PR, Advertising & Marketing Jobs",47855.71,47855.71,True,full_time,2026-08-19 14:54:26+00:00,"SumUp is best known for helping small businesses get paid — our Consumer tribe builds the other half of that story. We make SumUp Consumer, the wallet app that lets everyday consumers pay SumUp merchants with a tap, send money to friends, track their spending and earn loyalty rewards along the way. As we grow SumUp Consumer across new markets and features, we need sharp, reliable insight into how people discover, adopt and use the product — and how that behaviour translates into sustainable com…",[],0,47855.71
5883461701,Trainee Data Analyst No Experience Required,NEWTO TRAINING LIMITED,UK,United Kingdom,IT Jobs,65000.0,65000.0,False,Unknown,2026-09-14 10:42:43+00:00,"Trainee Data Analyst No Experience Required From £30,000 - £65,000. *This is a self-funded career programme with a guaranteed job on completion or 100% of your course fees back* Train. Certify. Get Hired. Are you looking to start a career in data but don't know where to begin? The demand for Data Analysts has grown by 20% annually, with experienced professionals earning salaries upwards of £58,000. I",[],0,65000.0
5854537338,Data Analyst,Kingdom Security,"Fareham, Hampshire",United Kingdom,IT Jobs,42000.0,44000.0,False,Unknown,2026-08-24 19:32:17+00:00,"Are you an experienced Supply Chain Analyst, Data Analyst or Supply Chain Coordinator with a passion for data accuracy, reporting and continuous improvement? Do you enjoy turning complex supply chain data into meaningful insights that improve planning, inventory and operational performance? We're supporting a leading manufacturing business in Fareham who are looking to recruit a Supply Chain Data Analyst to join their Supply Chain team. What's the role all about? As a Supply Chain Data Analyst …",[],0,43000.0
5854573891,Data Analyst,Robert Half,"London, UK",United Kingdom,IT Jobs,52152.68,52152.68,True,full_time,2026-08-24 21:10:47+00:00,"Robert Half Technology are assisting a specialist growth intelligence firm that sits at the intersection of data, pricing, product strategy, AI and B2B technology to recruit a Data Analyst. London based - Hybrid working Role The Data Analyst will build and deliver high-quality, client-specific analysis Own client data requests and identify ways to maximise value from incomplete or unstructured datasets Deliver ad-hoc analysis, data enhancements, enrichment, scraping, and advanced matching Contr…",[],0,52152.68
5879821989,Data Analyst,Moxie People,"Cwmoody, Pontypool",United Kingdom,IT Jobs,0.0,39079.0,False,full_time,2026-09-11 15:49:42+00:00,"Data Analyst Location: Pontypool | Hybrid working Salary: £39,079.39 Contract: 2-year Fixed Term Contract Are you an experienced Data Analyst who knows their way around Power BI and enjoys turning complex data into something people can actually use? We're working with a purpose-led housing organisation in South Wales that is looking for an experienced Data Analyst to join its team on a two-year fixed-term contract. This isn't an entry-level opportunity - the team needs someone confident in thei…",['Power BI'],1,19539.5
5871261504,Data Analysts,BDO Recruitment,"London, UK",United Kingdom,IT Jobs,49846.42,49846.42,True,full_time,2026-09-05 02:32:05+00:00,"Data Analysts – London – Hybrid Job description We are recruiting for a Data Analysts to join our client, a regulated firm. This is a contract opportunity, offering an excellent day rate, employed via an Umbrella company. About the role: A specialist data analytics team to deliver data analysis, dashboard development, supervisory intelligence, risk analytics, reporting and stakeholder engagement in support of a pilot funds data programme, with the objective of improving regulatory supervision t…",[],0,49846.42
5857234851,Data Analyst,Experian,"Nottingham, Nottinghamshire",United Kingdom,IT Jobs,46572.79,46572.79,True,Unknown,2026-08-26 21:10:50+00:00,"Job Description We are looking for a Data Analyst reporting into the Head of Data in our Nottingham office. You will manage the delivery of high-quality data solutions that support client, operational, and business objectives. Working within the Data Delivery team, you will combine technical capability with stakeholder engagement to ensure data products are delivered accurately, efficiently. You can analyse, transform, and validate complex datasets using SQL or SAS, while identifying opportunit…","['SQL', 'SAS']",2,46572.79
5737508609,Data Analyst,Solirius Reply,"London, UK",United Kingdom,IT Jobs,40000.0,85000.0,False,full_time,2026-05-22 11:06:12+00:00,"About Us: Solirius Reply , part of the Reply Group , is a technology consultancy and digital transformation partner that helps organisations solve complex challenges through strategy, design, engineering, and delivery. We work closely with our clients to deliver secure, accessible, user-focused services that evolve with their needs. By combining deep technical expertise with people-centred design, we create solutions that deliver meaningful, lasting impact. Our consultants partner directly with…",[],0,62500.0
5878820014,Data Analyst,INSIGHT INTERNATIONAL  Limited,"Manchester, Greater Manchester",United Kingdom,IT Jobs,50722.92,50722.92,True,Unknown,2026-09-10 19:11:16+00:00,"Job Summary (List Format): - Consult with business stakeholders to understand their needs and identify appropriate data and analytics solutions. - Ensure data is sourced from approved sources, used correctly, and fit for purpose to achieve business strategy. - Drive and implement advanced analytics to develop solutions that enhance understanding of customers, processes, channels, and products. - Use data visualization to create compelling insights and influence key business decisions. - Work wi…",[],0,50722.92
5845316773,Data Analyst,Hulcan,"London, UK",United Kingdom,IT Jobs,50452.18,50452.18,True,full_time,2026-08-17 16:58:53+00:00,"This is a newly created role sitting at the intersection of Commercial Finance, Growth and Technology. The successful candidate will become the go-to person for turning raw data into reporting and trend analysis that drives commercial and growth decision-making across the business, spanning customer, membership, trade, and operational performance. This role is being created at a pivotal moment. We are in a high growth stage, mid-migration to a new data warehouse, consolidating reporting across …",[],0,50452.18
5786752438,Data Analyst,Avara Foods,"Turweston, Brackley",United Kingdom,IT Jobs,35000.0,35000.0,False,full_time,2026-07-03 12:12:16+00:00,"Who are we, and what do we do? You may not have heard of us, but there’s a good chance you’ve enjoyed our products. Avara Foods is one of the UK’s leading food businesses, supplying chicken and turkey to the country’s major supermarkets and well-known restaurants. We own and manage our entire supply chain, from farms to factory and all the way to the customer door – meaning we have careers that cover a whole range of functions. We have major processing sites across England and an agricultural n…",[],0,35000.0
5780350523,Data Analyst,MWH Treatment,"Broadbottom, Hyde",United Kingdom,IT Jobs,50579.12,50579.12,True,full_time,2026-06-28 16:43:51+00:00,"We are looking to strengthen our Data Management team with an Data Analyst based at the Hattersley office with hybrid working available. You will report directly to the Head of Strategy and PMO, and the role purpose is to develop, implement, manage, continually review and refine ESD’s information governance of, and to promote good practice in, the management of all data pertaining to the measured performance of ESD's prescribed activities. Prepare and present reliable data for monthly Operation…",[],0,50579.12
5738736752,Data Analyst,MWH Treatment,"Stepps, North Lanarkshire",United Kingdom,IT Jobs,48532.52,48532.52,True,full_time,2026-05-23 13:10:53+00:00,"We are looking to strengthen our Data Management team with an Data Analyst based at the Stepps office with hybrid working available. You will report directly to the Head of Strategy and PMO, and the role purpose is to develop, implement, manage, continually review and refine ESD’s information governance of, and to promote good practice in, the management of all data pertaining to the measured performance of ESD's prescribed activities. Prepare and present reliable data for monthly Operational, …",[],0,48532.52
5878626698,Data Analyst,Howden,UK,United Kingdom,IT Jobs,44025.48,44025.48,True,full_time,2026-09-10 16:41:05+00:00,"Who are we? Howden is a global insurance group with employee ownership at its heart. Together, we have pushed the boundaries of insurance. We are united by a shared passion and no-limits mindset, and our strength lies in our ability to collaborate as a powerful international team comprised of 24,000 employees spanning over 56 countries. People join Howden for many different reasons, but they stay for the same one: our culture. It’s what sets us apart, and the reason our employees have been turn…",[],0,44025.48
5863586463,Data Business Analyst,Ntt Data,"London, UK",United Kingdom,IT Jobs,57140.1,57140.1,True,full_time,2026-09-01 01:36:38+00:00,"As a Data Business Analyst at NTT DATA in London, you will play a pivotal role in delivering data-driven business solutions across sectors such as telecoms, media, banking, insurance, retail, energy, and public sector. The position requires at least 5 years’ experience in data, consulting, or analytics, with expertise in data modelling, SQL, Hive, Pig, Python, R, and data visualisation tools like PowerBI, Qlik, and Tableau. You will collaborate with clients and internal teams, manage data proje…","['SQL', 'Python', 'Power BI', 'Tableau', 'R']",5,57140.1
5867756760,Data Analyst,First Databank,"Exeter, Devon",United Kingdom,IT Jobs,32721.21,32721.21,True,part_time,2026-09-03 00:31:42+00:00,"Data Analyst Exeter, Devon (with hybrid working) About Us At FDB (First Databank), we're part of the Hearst Health network, and we create and deliver the world's most trusted drug knowledge, enabling healthcare professionals to make critical decisions that improve patient safety, efficiency, and outcomes. Our solutions are embedded across hospitals, GP practices, pharmacies, and wider healthcare systems, supporting millions of patients every day. Our values guide everything we do: Better Togeth…",[],0,32721.21
5867316849,Data Analyst,First Databank,"Devon, South West England",United Kingdom,IT Jobs,33159.05,33159.05,True,part_time,2026-09-02 17:30:11+00:00,"Data Analyst Exeter, Devon (with hybrid working) About Us At FDB (First Databank), we're part of the Hearst Health network, and we create and deliver the world's most trusted drug knowledge, enabling healthcare professionals to make critical decisions that improve patient safety, efficiency, and outcomes. Our solutions are embedded across hospitals, GP practices, pharmacies, and wider healthcare systems, supporting millions of patients every day. Our values guide everything we do: Better Togeth…",[],0,33159.05
5877397317,Data Analyst,Penguin Recruitment,"Bristol, South West England",United Kingdom,IT Jobs,28000.0,32000.0,False,full_time,2026-09-09 18:23:05+00:00,"Data Analyst Location: Bristol Salary: £(phone number removed) DOE About the Role An established environmental and engineering consultancy is looking to appoint a Data Analyst to support the development of their technical digital initiatives and integration of technology across the business. Based in Bristol, this is a primarily desk-based role working with environmental, geotechnical and remediation data, providing accurate analysis and data-driven insights to project teams. Key Responsibiliti…",[],0,30000.0
5869444098,Data Analyst,Third Nexus Group Limited,"Holcot, Northampton",United Kingdom,IT Jobs,78000.0,91000.0,False,Unknown,2026-09-03 18:00:15+00:00,"Data Analyst 6 months Contract (Extendable) Northampton - Hybrid (3 Days onsite) £350pd Inside IR35 Key Requirements: * Strong experience as a Data Analyst * Experience working in Risk domain/projects * Strong SQL and data analysis skills * Experience with data reporting and stakeholder management * Ability to analyse, validate, and interpret complex datasets * Banking/Financial Services experience preferred * Strong communication and analytical skills",['SQL'],1,84500.0
5854366209,Data Analyst,Reed Technology,"Dickens Heath, Shirley",United Kingdom,IT Jobs,37440.0,47840.0,False,Unknown,2026-08-24 13:12:54+00:00,"Data Analyst 10-Month Contract Solihull | Hybrid Working £18/hour PAYE // £23/hour Umbrella REED Technology are recruiting for an experienced Data Analyst to join a well-established organisation on a 10-month contract basis. This role offers the opportunity to work within a business intelligence and reporting function, supporting stakeholders across the organisation through the delivery of high-quality data analysis, management information, and performance reporting. As a Data Analyst, you will…",[],0,42640.0
5849817799,Data Analyst,Experis,"Pound Hill, Crawley",United Kingdom,IT Jobs,30000.0,35000.0,False,full_time,2026-08-20 17:02:28+00:00,"Data Analyst An established home healthcare provider, working in close partnership with the NHS, is looking to hire a Reporting Data Analyst to join their growing Business Intelligence team. As part of a leading European home care group, this is a truly patient-focused organisation where improving lives sits at the heart of everything they do! If you enjoy building high-quality Power BI dashboards and turning business challenges into reliable data solutions, this is a great opportunity with a r…","['Power BI', 'R']",2,32500.0
5849817958,Data Analyst,Experis,"Stirling, County Stirling",United Kingdom,IT Jobs,30000.0,35000.0,False,full_time,2026-08-20 17:02:36+00:00,"Data Analyst An established home healthcare provider, working in close partnership with the NHS, is looking to hire a Reporting Data Analyst to join their growing Business Intelligence team. As part of a leading European home care group, this is a truly patient-focused organisation where improving lives sits at the heart of everything they do! If you enjoy building high-quality Power BI dashboards and turning business challenges into reliable data solutions, this is a great opportunity with a r…","['Power BI', 'R']",2,32500.0
5878639075,Data Analyst,Harnham - Data & Analytics Recruitment,"Leicester, Leicestershire",United Kingdom,IT Jobs,91000.0,104000.0,False,full_time,2026-09-10 16:47:41+00:00,"Data Analyst Leicester - 4 days in officeOutside IR35£350-400pdThis is an excellent opportunity for a Data Analyst to join a well-established retail organisation on an initial 3-month contract. The role offers a varied workload, combining operational analysis, ad hoc business requests, and stock-related investigations, with the opportunity to deliver meaningful insights that support day-to-day business performance. The Company They are a recognised retail business with a strong focus on data-dr…",[],0,97500.0
5878496001,Data Analyst,Catalyst,"Gateshead, Tyne & Wear",United Kingdom,IT Jobs,45590.35,45590.35,True,full_time,2026-09-10 14:39:37+00:00,"Our client is a successful tech scale-up, a cash-generative SME currently at c.£12m turnover and c.80 staff, looking to double in size in the next five years under the guidance of its experienced, highly charismatic and driven owner, supported by a first-class senior leadership team including new CEO. We are looking to strengthen the company’s Data & Insight capability, working closely with the organisation’s Operations Director who leads high-performing Customer Service, Project Delivery, IT a…",[],0,45590.35
5855358769,Data Analyst,Harnham - Data & Analytics Recruitment,"London, UK",United Kingdom,IT Jobs,59280.52,59280.52,True,Unknown,2026-08-25 13:38:22+00:00,"Data Analyst London (Hybrid, 3 days in office) | £70,000 - £75,000 No sponsorship offered Must come from Financial services or consulting Looking for a role that combines data analytics, commercial insight, and strategic decision-making? This is an opportunity to join a high-performing finance and business performance function where you'll play a key role in transforming complex operational and financial data into actionable business insight. Working closely with senior stakeholders, you'll hel…",[],0,59280.52
5874392633,Data Analyst,Jackson Hogg Ltd,"Gateshead, Tyne & Wear",United Kingdom,IT Jobs,35000.0,40000.0,False,full_time,2026-09-07 20:26:15+00:00,Data Analyst Shape the future of data in a business undergoing major cloud transformation Are you a data professional who loves turning complex data into powerful business insights? Do you want to be part of a large-scale cloud transformation programme where your work will directly influence business decisions and customer experiences? We're looking for a talented Data Analyst to join a high-performing team during an exciting period of digital evolution. This is a rare opportunity to play a key…,[],0,37500.0
5874418862,Data Analyst,Harnham - Data & Analytics Recruitment,"London, UK",United Kingdom,IT Jobs,54090.18,54090.18,True,Unknown,2026-09-07 20:33:55+00:00,"DATA ANALYST REMOTE (ONE DAY A MONTH IN LEEDS OFFICE) UP TO £46,000 This is an opportunity to join a highly respected organisation at the intersection of workforce strategy, analytics, and policy. As a Data Analyst, you will play a key role in shaping evidence-based decisions that influence workforce planning, pay frameworks, and long-term organisational strategy. You'll work on complex analytical challenges whilst engaging with a broad range of senior stakeholders. ROLES AND RESPONSIBILITIES: …",[],0,54090.18
5855380402,Data Analyst,Harnham - Data & Analytics Recruitment,"London, UK",United Kingdom,IT Jobs,91000.0,104000.0,False,full_time,2026-08-25 13:45:14+00:00,"DATA ANALYST (CONTRACT) 6 MONTHS OUTSIDE IR35 £350 TO £400 P/D This is a high-impact contract opportunity for a hands-on Data Analyst to join a fast-moving growth initiative focused on scaling a local marketplace proposition. You will step into an existing work stream, ensuring continuity while bringing structure, pace, and insight to complex and imperfect data. The Company They are a well-established UK digital platform with millions of engaged members, known for delivering meaningful value th…",[],0,97500.0
5868913954,Data Analysts,BDO LLP,"Farringdon, Central London",United Kingdom,IT Jobs,49693.11,49693.11,True,Unknown,2026-09-03 14:02:41+00:00,"Data Analysts – London – Hybrid Job description We are recruiting for a Data Analysts to join our client, a regulated firm. This is a contract opportunity, offering an excellent day rate, employed via an Umbrella company. About the role: A specialist data analytics team to deliver data analysis, dashboard development, supervisory intelligence, risk analytics, reporting and stakeholder engagement in support of a pilot funds data programme, with the objective of improving regulatory supervision t…",[],0,49693.11
5855375401,Data Analyst,Artis Recruitment,"Bristol, South West England",United Kingdom,IT Jobs,28000.0,35000.0,False,full_time,2026-08-25 13:43:59+00:00,"?Data Analyst required to join a growing professional services organisation in Bristol. This is an excellent opportunity for someone with a strong analytical mindset who enjoys working with data, producing meaningful insights and using those insights to support business performance, process improvement and change. Bristol | Hybrid | £28,000–£35,000 | Permanent | 35 hours per week | Annual Bonus & Annual Salary review The role operates on a hybrid basis, with of 2–3 days per week in the Bristol …",[],0,31500.0
5851404828,Data Analyst,Artis Recruitment,"Easton, Bristol",United Kingdom,IT Jobs,28000.0,35000.0,False,full_time,2026-08-21 18:57:45+00:00,"Data Analyst required to join a growing professional services organisation in Bristol. This is an excellent opportunity for someone with a strong analytical mindset who enjoys working with data, producing meaningful insights and using those insights to support business performance, process improvement and change. Bristol | Hybrid | £28,000–£35,000 | Permanent | 35 hours per week | Annual Bonus & Annual Salary review The role operates on a hybrid basis, with of 2–3 days per week in the Bristol o…",[],0,31500.0
5855343476,Data Analyst,Reed,"Cirencester, Gloucestershire",United Kingdom,IT Jobs,33309.6,33309.6,True,Unknown,2026-08-25 13:35:17+00:00,"Entry Level Data Analyst Turn Data Into Opportunity Are you naturally curious? Love solving puzzles, working with data, and uncovering information others might miss? We're looking for a motivated and analytical Data Analyst to join our growing team. This is a fantastic opportunity to build a career within a specialist industry, combining data analysis, research, property, and finance. You don't need previous experience in business rates or commercial property. What matters most is your ability …",[],0,33309.6
5871029118,Data Analyst,Harnham - Data & Analytics Recruitment,"London, UK",United Kingdom,IT Jobs,50184.31,50184.31,True,Unknown,2026-09-04 22:18:20+00:00,"Data Analyst - Up to 45k This is an opportunity to work with a genuinely unique behavioural dataset, combining digital activity, consumer journeys and emerging AI interactions. You will help answer complex commercial questions for leading brands while shaping how data is used to understand real-world behaviour. The Company They are a specialist data and analytics business focused on understanding how advertising and digital experiences influence consumer behaviour. Their work blends advanced an…",[],0,50184.31
5851404863,Data Analyst,V7 Recruitment,"Rusholme, Manchester",United Kingdom,IT Jobs,29000.0,30000.0,False,full_time,2026-08-21 18:57:51+00:00,"Data Analyst - Perfect for graduate or with some analytical experience who wants long term career - £30k & 9% bonus, 25 days holiday, lots of career opportunities - Manchester The Opportunity: Data – it’s pretty important these days and is everywhere. But taking the raw data and making into something useful, that’s important. It’s how companies grow and we all know how we get better. That’s where you come in… On that basis, we are looking for Data Analyst to come in to a hugely growing company …",[],0,29500.0
5851404972,Data Analyst,V7 Recruitment,"Newtown, Disley",United Kingdom,IT Jobs,29000.0,30000.0,False,full_time,2026-08-21 18:58:05+00:00,"Data Analyst - Perfect for graduate or with some analytical experience who wants long term career - £30k & 9% bonus, 25 days holiday, lots of career opportunities - Stockport The Opportunity: Data – it’s pretty important these days and is everywhere. But taking the raw data and making into something useful, that’s important. It’s how companies grow and we all know how we get better. That’s where you come in… On that basis, we are looking for Data Analyst to come in to a hugely growing company i…",[],0,29500.0
5855604687,Data Analyst,Truespeed,"Stoney Stratton, Shepton Mallet",United Kingdom,IT Jobs,35000.0,40000.0,False,full_time,2026-08-25 17:34:34+00:00,"Are you an experienced Data Analyst who can transform complex information into clear, commercially valuable insights? Join a forward-thinking analytics team where data sits at the heart of decision-making and your work will directly influence customer, operational and financial performance.​ Location: Bath Salary: £35,000 – £40,000 DOE Hours: Full-time, permanent Hybrid working: Two days in our Bath-based office and three days working from home About Truespeed At Truespeed, we’re on a mission t…",[],0,37500.0
5856892687,Data Analyst,Reed Technology,"Balsall Heath, Birmingham",United Kingdom,IT Jobs,35000.0,45000.0,False,full_time,2026-08-26 15:24:05+00:00,"Data & Reporting Analyst 12-Month Fixed-Term Contract l Up to £45,000 based on experience Are you passionate about transforming data into meaningful business insight? Do you enjoy digging beneath the surface, identifying trends, challenging assumptions, and helping organisations make smarter decisions? I'm partnering with a highly respected organisation that is committed to delivering exceptional services and driving continuous improvement through data-driven decision making. As part of an ambi…",[],0,40000.0
5855621595,Data Analyst,Truespeed,"Bath, Bath & N E Somerset",United Kingdom,IT Jobs,35000.0,40000.0,False,full_time,2026-08-25 17:48:44+00:00,"Location : Bath Salary : £35,000 – £40,000 DOE Hours : Full-time, permanent Hybrid working : Two days in our Bath-based office and three days working from home About Truespeed At Truespeed, we’re on a mission to transform broadband across the UK. We’re a rapidly growing full-fibre broadband provider, bringing reliable, high-speed connectivity to communities across the South West, North West and South East of England. We’re building our own full-fibre network and are passionate about delivering …",[],0,37500.0
5846675680,Data Analyst,WeDoData,"Pillaton, Saltash",United Kingdom,IT Jobs,36070.0,36070.0,False,full_time,2026-08-18 12:49:06+00:00,"WeDoData are working with a reputable FE College in South Devon who are looking for an enthusiastic and motivated Data Analyst to join their MIS team on a permanent basis. You’ll play an important role in transforming data into clear, actionable insights to help teams make better decisions and deliver positive outcomes for the college and its learners. What you’ll be doing * Create engaging, accurate reports and dashboards for a range of stakeholders. * Analyse data to identify trends, patterns…",[],0,36070.0
5855380476,Data Analyst,Harnham - Data & Analytics Recruitment,"London, UK",United Kingdom,IT Jobs,91000.0,104000.0,False,full_time,2026-08-25 13:45:15+00:00,"Data Analyst Contract: 6 months Location: once per week in London Rate: £350-400pd Outside IR35 This is a hands-on analytical role sitting closely with Product, Commercial and Partnership teams . You'll use product and behavioural data to understand how users engage with the proposition, design and analyse experiments, identify opportunities for improvement and turn findings into clear commercial recommendations. Alongside product analytics, you'll help improve the quality and usability of part…",[],0,97500.0
5874671009,Data Analyst,Harnham - Data & Analytics Recruitment,"Leeds, West Yorkshire",United Kingdom,IT Jobs,40000.0,46000.0,False,full_time,2026-09-07 22:10:29+00:00,"Data Analyst Remote - Leeds (1x day per month in the office) £40,000-£46,000 The Company They are a well-established organisation that provides strategic guidance, research, and workforce insight to employers operating within a large and complex sector. Their work helps shape workforce policy, improve organisational effectiveness, and support evidence-based decision-making. With a collaborative and supportive culture, they offer the chance to work on projects that have meaningful real-world imp…",[],0,43000.0
5878871185,Data Analyst,Anson Mccade,"South West London, London",United Kingdom,IT Jobs,60000.0,60000.0,False,Unknown,2026-09-10 21:45:34+00:00,"Data Analyst (Reporting & Visualisation) Location: London - Hybrid Salary: £50,000 - £60,000 We are seeking an experienced Data Analyst to join a leading change and transformation consultancy, supporting clients across data reporting, visualisation and data modelling. This role will focus on turning complex data into clear insights, developing reporting solutions and supporting clients across the end-to-end data lifecycle. Key Responsibilities as a Consultant, Data Analyst Develop and maintain …",[],0,60000.0
5867643019,Data Analyst,First Databank,"Exeter, Devon",United Kingdom,IT Jobs,20000.0,20000.0,False,part_time,2026-09-02 23:10:18+00:00,"Data Analyst Exeter, Devon (with hybrid working) About Us At FDB (First Databank), we're part of the Hearst Health network, and we create and deliver the world's most trusted drug knowledge, enabling healthcare professionals to make critical decisions that improve patient safety, efficiency, and outcomes. Our solutions are embedded across hospitals, GP practices, pharmacies, and wider healthcare systems, supporting millions of patients every day. Our values guide everything we do: Better Togeth…",[],0,20000.0
5855381335,Data Analyst,Reed,"Birmingham, West Midlands",United Kingdom,IT Jobs,37440.0,47840.0,False,full_time,2026-08-25 13:45:27+00:00,"Data Analyst 10-Month Contract Solihull | Hybrid Working £18/hour PAYE // £23/hour Umbrella REED Technology are recruiting for an experienced Data Analyst to join a well-established organisation on a 10-month contract basis. This role offers the opportunity to work within a business intelligence and reporting function, supporting stakeholders across the organisation through the delivery of high-quality data analysis, management information, and performance reporting. As a Data Analyst, you will…",[],0,42640.0
5849943245,Data Analyst,Experis,"Crawley, West Sussex",United Kingdom,IT Jobs,35000.0,35000.0,False,Unknown,2026-08-20 21:28:56+00:00,"Data Analyst An established home healthcare provider, working in close partnership with the NHS, is looking to hire a Reporting Data Analyst to join their growing Business Intelligence team. As part of a leading European home care group, this is a truly patient-focused organisation where improving lives sits at the heart of everything they do! If you enjoy building high-quality Power BI dashboards and turning business challenges into reliable data solutions, this is a great opportunity with a r…","['Power BI', 'R']",2,35000.0
5837138213,Data Analyst,Anson Mccade,UK,United Kingdom,IT Jobs,60140.02,60140.02,True,Unknown,2026-08-11 21:21:32+00:00,"Data Analyst Data Standardisation Competitive Day Rate | Outside IR35 | Contract We are currently supporting a leading digital transformation consultancy on a Data Standardisation Discovery programme within the UK public sector . We are looking for an experienced Data Analyst to play a key role in understanding the current data landscape, identifying inconsistencies and data quality issues across multiple sources, and helping shape recommendations for future data standards and delivery. The Rol…",[],0,60140.02
5858364990,Data Analyst,Trace,"London, UK",United Kingdom,IT Jobs,45000.0,45000.0,False,full_time,2026-08-27 16:20:13+00:00,"25th August, 2026 Data Analyst, Investment Management Firm, London, up to £45k, Hybrid A growing FTSE-listed investment management firm are looking for a motivated Data Analyst to join their team and play a key role in supporting business-critical systems, reporting, and automation initiatives. This is an excellent opportunity for a data-driven professional who enjoys solving complex problems and improving processes through technology. Working closely with Finance, Operations, and Technology te…",[],0,45000.0
5870628588,Data Analyst,MSX International Limited,"Mountnessing, Brentwood",United Kingdom,IT Jobs,37901.23,37901.23,True,full_time,2026-09-04 14:10:27+00:00,"Company Description MSX has been a trusted partner to leading vehicle manufacturers, their retailers, and mobility organizations globally for more than 30 years. Our unwavering commitment is to help our clients transform their businesses and effectively manage operations in the areas of: * Sales Performance * Repair Optimization and Compliance * Parts and Accessories Sales Performance * Consumer Engagement With our global teams, industry expertise, and the power of technology, we design and del…",[],0,37901.23
5879305677,Data Analyst,Anson Mccade,"Central London, London",United Kingdom,IT Jobs,48423.05,48423.05,True,Unknown,2026-09-11 05:49:07+00:00,"Data Analyst £45,000 - 60,000 GBP Pension, Benefits Hybrid WORKING Location: Central London, Greater London - United Kingdom Type: Permanent Data Analyst (Reporting & Visualisation) Data & Digital Transformation Location: London / Hybrid Working Salary: Up to £60,000  Benefits Package About the Role We're supporting a leading transformation consultancy looking to expand its Data & Technology practice with the addition of a Data Analyst specialising in Reporting & Visualisation. This is an excel…",['Excel'],1,48423.05
5855716321,Data Analyst,Bright Purple Resourcing,"Glasgow, Scotland",United Kingdom,IT Jobs,45000.0,45000.0,False,Unknown,2026-08-25 21:37:10+00:00,"Data Analyst - Glasgow, Hybrid Bright Purple are working with a well-established, growing organisation based in Glasgow who are looking for a commercially minded Data Analyst to join their team. This is a great opportunity for someone who enjoys turning numbers into decisions, rather than just building dashboards for the sake of it. Working with Power BI and Microsoft Fabric, you'll be at the heart of how the business understands its own performance. What is in it for you: Salary up to £45,000 …",['Power BI'],1,45000.0
5880113492,Data Analyst,Anson Mccade,"South West London, London",United Kingdom,IT Jobs,60000.0,60000.0,False,Unknown,2026-09-11 21:55:08+00:00,"Consultant Data Analyst (Reporting & Visualisation) London | Up to £60,000 Were working with a leading change and transformation consultancy that helps organisations turn strategy into practical solutions that deliver lasting impact. Theyre looking for a Consultant Data Analyst (Reporting & Visualisation) to join their Technology & Data Practice in London. This is an opportunity for a hands-on data professional with strong Power BI, SQL and data modelling experience to work directly with client…","['SQL', 'Power BI']",2,60000.0
5855381462,Data Analyst,Harnham - Data & Analytics Recruitment,"London, UK",United Kingdom,IT Jobs,91000.0,104000.0,False,full_time,2026-08-25 13:45:29+00:00,"DATA ANALYST (CONTRACT) 6 MONTHS OUTSIDE IR35 £350 TO £400 P/D This is a high-impact contract opportunity for a hands-on Data Analyst to join a fast-moving growth initiative focused on scaling a local marketplace proposition. You will step into an existing work stream, ensuring continuity while bringing structure, pace, and insight to complex and imperfect data. The Company They are a well-established UK digital platform with millions of engaged members, known for delivering meaningful value th…",[],0,97500.0
5860066671,Data Analyst,We Are Fr Group,"Liverpool, Merseyside",United Kingdom,"PR, Advertising & Marketing Jobs",60000.0,60000.0,False,Unknown,2026-08-28 21:35:47+00:00,"Data Analyst Liverpool | Hybrid Working | Up to £60,000 One of the UK's fastest growing businesses is looking for a Data Analyst to join its expanding data function. This is an opportunity to join at an exciting stage of growth, working closely with stakeholders across multiple areas of the business to deliver insight that drives commercial decisions. What's In It For You? Salary up to £60,000 Hybrid working Bonus scheme Private medical insurance Enhanced pension contribution Life assurance 25 …",[],0,60000.0
5849616876,Data Analyst,Match Performance,"Farringdon, Central London",United Kingdom,IT Jobs,78000.0,104000.0,False,Unknown,2026-08-20 15:05:10+00:00,"Data Analyst Regulatory Data & Supervisory Intelligence London £300-£400 per day inside IR35 Financial Services | Regulatory Transformation | Data & Analytics Match Performance is looking for an experienced Data Analyst to join a major regulatory data transformation programme within financial services. This is a hands-on role working with complex regulatory and entity data to help transform how supervisory teams identify risk, prioritise interventions and make data-driven decisions. You’ll work…",[],0,91000.0
5803783833,Data Analyst,Nomia,"Waterloo, South East London",United Kingdom,IT Jobs,34741.57,34741.57,True,Unknown,2026-07-16 22:46:08+00:00,"About the Role The Data Analyst role is critical to promoting data as a key differentiator for Nomia. You will help drive innovation by assisting Nomia in becoming a truly data-driven organisation — putting data at the heart of all business decisions and providing actionable insights across the business. Roles & Responsibilities Be the platform owner for Nomia's data analytics platform, ThoughtSpot Build dashboards and reporting across various functions, including executive dashboards, financia…",[],0,34741.57
5804909149,Data Analyst,Lumen Partners,"Shotover Hill, Headington",United Kingdom,"PR, Advertising & Marketing Jobs",32000.0,33994.0,False,full_time,2026-07-17 14:28:13+00:00,"Data Analyst £32,000 to £34,000 per year | Full-time | Permanent | Oxford (on-site) Lumen Partners is recruiting a Data Analyst to join our head office team in Oxford. The role reports directly to the Managing Director and offers something most analyst roles do not: the chance to design a company's reporting framework from the ground up rather than inherit one. About Lumen Partners Lumen Partners launched in 2026 and delivers face-to-face sales and marketing campaigns for national brands across…",[],0,32997.0
5795616991,Data Analyst,Autotrader,"Manchester, Greater Manchester",United Kingdom,IT Jobs,35000.0,60000.0,False,full_time,2026-07-10 13:36:45+00:00,"About us You've probably heard of Autotrader, but do you know what we're all about? We're the most trusted, most visited automotive marketplace in the UK. A heritage brand and a tech innovator. We bring together vehicle buyers and sellers to give them real choices. Cars may be what we're best known for but we’re also the place for pretty much everything else on wheels, from e-bikes to caravans. In the automotive world, change is a constant, that’s why we take our job of untangling the complex c…",[],0,47500.0
5855005897,Data Analyst,Vermelo,"Manchester, Greater Manchester",United Kingdom,IT Jobs,25505.99,25505.99,True,Unknown,2026-08-25 05:33:44+00:00,"Job title: Data Analyst Locations: Manchester (hybrid working) Role overview As a Data Analyst at Markerstudy, you will contribute to the delivery of analytics solutions that support strategic decision-making across our insurance brands. Working within the Analytics & Enrichment team, you'll help generate insights that improve insurer panel performance collaborating with teams across pricing and insurer relations. This role is ideal for someone with a strong analytical foundation, a passion for…",[],0,25505.99
5855280840,Data Analyst,MISL,"Manchester Science Park, Manchester",United Kingdom,IT Jobs,30238.6,30238.6,True,full_time,2026-08-25 11:44:36+00:00,"Job title: Data Analyst Locations: Manchester (hybrid working) Role overview As a Data Analyst at Markerstudy, you will contribute to the delivery of analytics solutions that support strategic decision-making across our insurance brands. Working within the Analytics & Enrichment team, you’ll help generate insights that improve insurer panel performance collaborating with teams across pricing and insurer relations. This role is ideal for someone with a strong analytical foundation, a passion for…",[],0,30238.6
5855716764,Data Analyst,Truespeed,"Bath, Bath & N E Somerset",United Kingdom,IT Jobs,35000.0,35000.0,False,full_time,2026-08-25 21:39:08+00:00,"Are you an experienced Data Analyst who can transform complex information into clear, commercially valuable insights? Join a forward-thinking analytics team where data sits at the heart of decision-making and your work will directly influence customer, operational and financial performance. ? Location: Bath Salary: £35,000 – £40,000 DOE Hours: Full-time, permanent Hybrid working: Two days in our Bath-based office and three days working from home Benefits: Hybrid working, free onsite parking, pr…",[],0,35000.0
5854595615,Data Analyst,Cambridgeshire & Peterborough Combined Authority,"Godmanchester, Huntingdon",United Kingdom,IT Jobs,39152.0,42839.0,False,Unknown,2026-08-24 22:43:29+00:00,"6 MONTH FIXED TERM ?? Data Analyst ?? Chief Executive&rsquo;s Office &brvbar; Policy, Insight &amp; Performance ?? Make your data count! We&rsquo;re looking for a Data Analyst to turn data and research into clear, meaningful insight that supports policy, strategy, funding decisions and performance across the Cambridgeshire &amp; Peterborough region. ?? You&rsquo;ll: ?? Analyse and interpret regional and local datasets. ?? Use tools such as Excel and Power BI to produce meaningful analysis and v…","['Power BI', 'Excel']",2,40995.5
5878654914,Data Analyst,RTX,"Warminster, Wiltshire",United Kingdom,IT Jobs,63263.46,63263.46,True,full_time,2026-09-10 16:51:43+00:00,"Date Posted: 2026-09-08&xa;&xa; Country: United Kingdom&xa;&xa; Location: Warminster, Wiltshire&xa;&xa; Position Role Type: Hybrid Data Analyst Be at the forefront of transforming British Army training. About us: At OMNIA® Training, we’ve brought together some of the UK’s most innovative defence training organisations under one powerful mission: to transform the British Army’s training system and create the best-trained Army in the world. OMNIA are redefining the British Army’s collective train…",[],0,63263.46
5879117363,Data Analyst,RTX Corporation,"Warminster, Wiltshire",United Kingdom,IT Jobs,57241.27,57241.27,True,Unknown,2026-09-11 02:36:18+00:00,"Date Posted: 2026-09-08 Country: United Kingdom Location: Warminster, Wiltshire Position Role Type: Hybrid Data Analyst Be at the forefront of transforming British Army training. About us: At OMNIA® Training, we've brought together some of the UK's most innovative defence training organisations under one powerful mission: to transform the British Army's training system and create the best-trained Army in the world. OMNIA are redefining the British Army's collective training. To do that, we are …",[],0,57241.27
5854583574,Data Analyst,Hackajob Ltd,"Warminster, Wiltshire",United Kingdom,IT Jobs,64216.29,64216.29,True,Unknown,2026-08-24 21:31:31+00:00,"hackajob is partnering directly with Raytheon UK to hire for this role. Date Posted: 2026-09-08 Country: United Kingdom Location: Warminster, Wiltshire Position Role Type: Hybrid Data Analyst Be at the forefront of transforming British Army training. About us: At OMNIA Training, weve brought together some of the UKs most innovative defence training organisations under one powerful mission: to transform the British Armys training system and create the best-trained Army in the world. OMNIA are re…",[],0,64216.29
5874800211,Data Analyst,PeoplePlus,"Full Sutton, York",United Kingdom,IT Jobs,30000.0,30000.0,False,Unknown,2026-09-07 23:20:06+00:00,"We&rsquo;re looking for a Data Analyst to join the Education, Skills &amp; Work team at HMP Millsike. This is a fantastic opportunity for someone who loves working with data, spotting trends and turning complex information into clear, actionable insight. You&rsquo;ll play a key role in understanding how prisoners are engaging with education, skills development and employment opportunities, using data to improve participation, attendance, achievement and overall performance. What you&rsquo;ll be…",[],0,30000.0
5857901116,Data Analyst,Reed Technology,"Birmingham, West Midlands",United Kingdom,IT Jobs,45000.0,45000.0,False,Unknown,2026-08-27 05:37:45+00:00,"Data & Reporting Analyst 12-Month Fixed-Term Contract l Up to £45,000 based on experience Are you passionate about transforming data into meaningful business insight? Do you enjoy digging beneath the surface, identifying trends, challenging assumptions, and helping organisations make smarter decisions? I'm partnering with a highly respected organisation that is committed to delivering exceptional services and driving continuous improvement through data-driven decision making. As part of an ambi…",[],0,45000.0
5880121248,Data Analyst,Teksystems,"Scotland, UK",United Kingdom,IT Jobs,61661.74,61661.74,True,Unknown,2026-09-11 22:06:27+00:00,"Job Title: Data Analyst (Cloud Migration & Reporting) Job Description This Data Analyst role focuses on migrating Data from on-premise platforms to modern cloud environments. You will combine hands-on data engineering, reporting development and stakeholder engagement to deliver scalable cloud-based reporting solutions and actionable business insights. Responsibilities Migrate existing reporting and analytics solutions from on-premise environments to AWS cloud platforms, ensuring accuracy, relia…",['AWS'],1,61661.74
5867249869,Data Analyst,Supernova Technology,"London, UK",United Kingdom,IT Jobs,45669.5,45669.5,True,full_time,2026-09-02 17:11:00+00:00,"About the Role We are looking for a Data Analyst to join our UK/Europe team in a role that balances hands-on data work with customer support. You will query, validate, and manage data and turn it into accurate reporting and insight, while also supporting clients on data-related questions, discrepancies, and operational issues. Both sides of the role are important, and the mix will vary day to day. Working on the Supernova platform, you will investigate and resolve data issues, maintain database…",[],0,45669.5
5882907369,Data Analyst,HGF,"Holbeck, Leeds",United Kingdom,IT Jobs,40460.4,40460.4,True,Unknown,2026-09-13 23:22:44+00:00,"As a Data Analyst at HGF you&rsquo;ll take ownership of operational and management reporting across HGF. Based in the Data team and reporting to the Head of Data, you&rsquo;ll partner with colleagues across Finance, Business Development, our Attorneys and Solicitors, and the support functions understanding what they actually need and turning data into insight they can act on. You&rsquo;ll be picking up an established Microsoft Fabric and Power BI platform and helping shape where it goes next, w…",['Power BI'],1,40460.4
5210489672,Data Analyst,idfc first bank,UK,United Kingdom,IT Jobs,37006.62,37006.62,True,full_time,2025-05-22 08:55:30+00:00,"Role/Job Title: Data Analyst - HPE Business : New Age Function/ Department: HPE -Data & Analytics Place of work: Mumbai Roles & Responsibilities Identify and scope business requirements and priorities through rigorous information gathering and analysis as well as clarification of the solutions, initiatives and program to enable effective delivery. Design analytics techniques to meet current and future business needs. Robust understanding of data and fields required or analysis. Understanding of…",[],0,37006.62
5210480071,Data Analyst,wipro,UK,United Kingdom,IT Jobs,35895.91,35895.91,True,full_time,2025-05-22 08:54:18+00:00,"Role Title Data Analyst Reports To Project Manager/ Database Lead Direct Reports NA Indirect Reports (Upto N-2) NA Role Purpose The purpose of this role is to interpret data and turn intoinformation (reports, dashboards, interactive visualizations etc) whichcan offer ways to improve a business, thus affecting business decisions. Do Primary role is to Create customized dashboards for Mapping PgMs/leads on requirement basis, Analyze trends in data and create reports around them, Suggest FRs in ma…",[],0,35895.91
4094618894,Data Analyst,Brakes Group,UK,United Kingdom,IT Jobs,43417.32,43417.32,True,Unknown,2023-05-11 21:03:34+00:00,"Data Analyst Sysco International Remote - UK or Ireland Based ​​​​​​​ The Data Analyst role will work closely with Sysco International Site/BT teams to gather, analyse, cleanse and standardize all sources of master data as needed within Site/Global initiatives in an effort to improve the quality of Sysco’s data and drive harmonization. Positioned within the Sysco International Merchandising structure, you will be working alongside other Sysco International teams as well as functions within Sysc…",[],0,43417.32
5860066687,Data Analyst,FBI &TMT,"Fareham, Hampshire",United Kingdom,IT Jobs,65000.0,75400.0,False,Unknown,2026-08-28 21:35:47+00:00,"Our client is currently seeking a Business Data Analyst to join their team on an initial 3 month contract basis. This role requires a data-savvy individual with proficiency in data analysis tools to interpret and present data effectively. £250 - £290 per day PAYE / Inside IR35 Key Responsibilities: Analyse and interpret data from various sources to provide actionable insights Convert complex data into a digestible format using Excel, PowerPoint, and Power BI Collaborate with stakeholders to und…","['Power BI', 'Excel']",2,70200.0
5853705682,Data Analyst,Landsec,UK,United Kingdom,IT Jobs,50000.0,50000.0,False,full_time,2026-08-23 16:26:54+00:00,"WE ARE LANDSEC We identify and shape places that create opportunity, enhance quality of life, and bring joy to the people connected to them. This is how we’ve created the UK’s leading portfolio of urban places and one of the largest real estate companies in Europe. Our £10 billion portfolio is built around premium workplaces, the country’s pre-eminent retail platform, and a residential pipeline that will redefine urban life. We’ve honed this ability over 80 years. Spotting the opportunities, bu…",[],0,50000.0
5855429390,"Sr. Spclst, Data Business Analyst",MSD,"Hyderabad, Telangana",India,IT Jobs,,,False,full_time,2026-08-25 20:08:16+00:00,"This job is with MSD, an inclusive employer and a member of myGwork – the largest global platform for the LGBTQ business community. Please do not contact the recruiter directly. Job Description Sr. Spclst, Data Business Analyst The Opportunity •Based in Hyderabad, join a global healthcare biopharma company and be part of a 130- year legacy of success backed by ethical integrity, forward momentum, and an inspiring mission to achieve new milestones in global healthcare. •Be part of an organizatio…",[],0,
5864427018,Analyst - Data Science,bluCognition,India,India,IT Jobs,,,False,Unknown,2026-09-01 16:20:55+00:00,"About bluCognition bluCognition is an AI-powered commercial credit intelligence company serving lenders and financial institutions. Our platform combines commercial credit data contributed by 150 lenders with AI-driven analytics, banking data and fraud detection to help our clients make faster, better credit decisions. Our product suite includes bluSense, which converts bank statements into standardized, categorized transaction data with real-time financial insights, and FraudLens, which detect…",[],0,
5864442505,Senior Data Engineer (Analyst/Scientist) - Remote,Kake,"Bangalore, Karnataka",India,IT Jobs,,,False,Unknown,2026-09-01 16:23:14+00:00,"Senior Data Engineer (Analyst/Scientist) - Remote Kake is a remote-first company and a people-first global community of senior engineers. Kake engineers are behind some of the world’s most innovative products (Brands you’ve heard!), from Fortune 500 to fast-growing companies. We believe it’s not where your table is, but what you bring to the table that matters. Our community spans 45,000 engineers across 55 countries; join a culture where great people stay, grow, and thrive (and love eating kak…",[],0,
5864431152,Senior Data Engineer (Analyst/Scientist) - Remote,Kake,"Hyderabad, Telangana",India,IT Jobs,,,False,Unknown,2026-09-01 16:21:43+00:00,"Senior Data Engineer (Analyst/Scientist) - Remote Kake is a remote-first company and a people-first global community of senior engineers. Kake engineers are behind some of the world’s most innovative products (Brands you’ve heard!), from Fortune 500 to fast-growing companies. We believe it’s not where your table is, but what you bring to the table that matters. Our community spans 45,000 engineers across 55 countries; join a culture where great people stay, grow, and thrive (and love eating kak…",[],0,
5880062263,Senior Data Engineer (Analyst/Scientist) - Remote,Kake,India,India,IT Jobs,,,False,Unknown,2026-09-12 01:03:48+00:00,"Senior Data Engineer (Analyst/Scientist) - Remote Kake is a remote-first company and a people-first global community of senior engineers. Kake engineers are behind some of the world’s most innovative products (Brands you’ve heard!), from Fortune 500 to fast-growing companies. We believe it’s not where your table is, but what you bring to the table that matters. Our community spans 45,000 engineers across 55 countries; join a culture where great people stay, grow, and thrive (and love eating kak…",[],0,
5864436325,Senior Data Insight Analyst [T500-27798],Albertsons Companies India,"Bangalore, Karnataka",India,IT Jobs,,,False,Unknown,2026-09-01 16:22:29+00:00,"About Albertsons Companies Inc.: As a leading food and drug retailer in the United States, Albertsons Companies, Inc. operates over 2,200 stores across 35 states and the District of Columbia. Our well-known banners across the United States, including Albertsons, Safeway, Vons, Jewel-Osco and others, serve more than 36 million U.S customers each week. We build and shape technology solutions that solve customers’ problems every day, making things easier for them when they shop with us online or i…",[],0,
5870857069,Lead Data Insight Analyst [T500-29084],Albertsons Companies India,"Bangalore, Karnataka",India,IT Jobs,,,False,Unknown,2026-09-04 22:27:33+00:00,"About Albertsons Companies Inc. (ACI): As a leading food and drug retailer in the United States, Albertsons Companies, Inc. operates over 2,200 stores across 35 states and the District of Columbia. Our well-known banners across the United States, including Albertsons, Safeway, Vons, Jewel-Osco and others, serve more than 36 million U.S customers each week. We build and shape technology solutions that solve customers’ problems every day, making things easier for them when they shop with us onlin…",[],0,
5879665110,GTM Data & AI Analyst - Night Shift,Orcaworks,"Hyderabad, Telangana",India,IT Jobs,,,False,Unknown,2026-09-11 17:13:38+00:00,"Key Responsibilities: Analyze account, prospect, pipeline, and market data to identify trends, opportunities, and gaps. Build and maintain datasets for account prioritization, segmentation, prospecting, and GTM planning . Use AI and data tools to enrich accounts, research companies, identify buying signals, and improve lead intelligence. Develop and refine ICP models, account scoring, segmentation, and prioritization frameworks . Analyze sales funnel performance, conversion rates, pipeline move…",[],0,
5843766857,IS Data Security - Senior Analyst,ABB,"Bangalore, Karnataka",India,IT Jobs,,,False,full_time,2026-08-16 06:19:54+00:00,"This job is with ABB, an inclusive employer and a member of myGwork – the largest global platform for the LGBTQ business community. Please do not contact the recruiter directly. At ABB, we help industries run leaner and cleaner—and every person here makes that happen. You’ll be empowered to lead, supported to grow, and proud of the impact we create together. Join us and help run what runs the world. This Position reports to: IS Category Lead Arch. Workplace & UC Your role and responsibilities I…",[],0,
5870693506,Business Analyst - Data & Privacy,Standard Chartered Bank,"Bangalore, Karnataka",India,IT Jobs,,,False,full_time,2026-09-04 20:33:07+00:00,"This job is with Standard Chartered Bank, an inclusive employer and a member of myGwork – the largest global platform for the LGBTQ business community. Please do not contact the recruiter directly. Job Summary The ideal candidate will: • Undertake requirements solicitation from stakeholders/end users and turn them into well-formed formal Business Requirements Documents (BRD) or User Stories. • Perform AS-IS/TO-BE process mapping and diagrams • Support the team to review and document the strateg…",[],0,
5846723666,"Group Data Privacy (GDP) – Data Privacy Analyst,AS",Deutsche Bank,"Bangalore, Karnataka",India,IT Jobs,,,False,full_time,2026-08-18 18:03:43+00:00,"This job is with Deutsche Bank, an inclusive employer and a member of myGwork – the largest global platform for the LGBTQ business community. Please do not contact the recruiter directly. Position Overview Role Description C&AFC C&AFC is responsible for managing the compliance and anti-financial crime risk of Deutsche Bank Group. Our mission is to ensure that C&AFC services are provided to the bank with the goals of protecting its integrity and reputation and managing legal risk to make transac…",[],0,
5864428505,Senior Data & Market Research Analyst,Proeze,"Chennai, Tamil Nadu",India,Sales Jobs,,,False,Unknown,2026-09-01 16:21:17+00:00,"About the Role We are looking for a highly analytical and research-driven Senior Data & Market Research Analyst to support our sales and marketing teams through market research, lead generation, and business intelligence. The ideal candidate should be capable of independently researching industries, identifying target accounts, generating qualified leads, validating data, and managing the complete lead generation lifecycle from scratch. Key Responsibilities Market Research & Intelligence Conduc…",[],0,
5882864622,Data Analysis Specialist (Remote | $31–$60/hr),Synthires,"Bangalore, Karnataka",India,IT Jobs,,,False,Unknown,2026-09-14 01:14:23+00:00,"Data Analyst Position: Data Analyst Type: Contractor Compensation: $31–$60/hour Location: Remote About the Opportunity micro1 is engaging experienced Data Analysts to contribute to a high-impact customer project focused on business data and AI training. You will apply your expertise in data analysis, document review, privacy, and quality assurance to evaluate large-scale datasets and provide high-quality input that helps improve how next-generation AI systems learn, reason, and perform. Respons…",[],0,
5880070268,Data Analytics - TL,Aceolution,"Hyderabad, Telangana",India,IT Jobs,,,False,Unknown,2026-09-12 01:09:17+00:00,"We are seeking an experienced and highly skilled Data Analytics – Team Lead to join our growing team. The ideal candidate will be a data-driven problem solver with strong expertise in data analysis, SQL, reporting, visualization, and business intelligence. The candidate will be responsible for working with large and complex datasets, developing dashboards and reports, translating analytical findings into actionable business insights, and mentoring data analysts. The role will also involve colla…",['SQL'],1,
5870857067,Analytics Manager,Kamakhya Analytics Private Limited,"Bangalore, Karnataka",India,"Energy, Oil & Gas Jobs",,,False,Unknown,2026-09-04 22:27:33+00:00,JOB DESCRIPTION - ANALYTICS MANAGER Location: Bangalore Department : Analytics Team : Survey Insights and Reporting About the Company: We are one of India’s premier integrated political consulting firms specializing in building data-driven 360-degree election campaigns. We help our clients with strategic advice and implementation which brings together data-backed insights and in-depth ground intelligence into a holistic electoral campaign. We are passionate about our democracy and the politics …,[],0,
5864433088,Workiva (WDesk/Wdata & SQL),Coforge,"Hyderabad, Telangana",India,IT Jobs,,,False,full_time,2026-09-01 16:22:00+00:00,"We are Hiring: Data Analyst – Workiva (WDesk/Wdata & SQL). Must Have Skills:- hands-on experience in Workiva (WDesk/Wdata). Company: Coforge Ltd. Job Location: Hyderabad, Pune & Greater Noida Experience: 5–7 Years Employment Type: Full-Time Share your CV: Gaurav.2.Kumar@coforge.com WhatsApp: 9667427662 Job Summary:- We are looking for a skilled Data Analyst with strong expertise in SQL and hands-on experience in Workiva (WDesk/Wdata) . The role involves analyzing complex datasets, generating ac…",['SQL'],1,
5871993046,Lead Data Engineer,TEKsystems Global Services in India,"Hyderabad, Telangana",India,IT Jobs,,,False,Unknown,2026-09-05 18:32:53+00:00,"Lead Data Engineer Notice period- Should be immediate only Experience -7 to 25 years Location- Hyderabad only Work mode- All 5 days' work from office CORE RESPONSIBILITIES • Hands-on delivery oversight: review pipelines, SQL, ETL/ELT logic, Spark jobs, reporting outputs and technical deliverables. • Mentor junior talent: coach data engineers, data analysts and data quality analysts through daily guidance, reviews and troubleshooting. • Data quality and controls: define validation, reconciliatio…","['SQL', 'ETL', 'Spark']",3,
5867263507,Data Engineer,Tata Consultancy Services,India,India,IT Jobs,,,False,Unknown,2026-09-02 21:45:17+00:00,"Dear Candidate, We have face to face interview @ Gurgaon 5th Sep,2026 Experience : 5-10yrs Please apply if you are interested and available for in person interview. Skills: 1.Data Engineer – Python PySpark, SQL, AWS 2.Data Analyst-Power BI, SQL, Statistical skill 3.Sr. Java Engineers-Microservices, Kafka 4.Data Scientist 5.Data Modeler 6.Data Engineer – Databricks, Splunk 7.AWS DevOps Engineer 8.Smart Comm Developer","['SQL', 'Python', 'Power BI', 'AWS', 'Statistics']",5,
5864423974,SAP Data Migration Functional Analyst EAM/PM,EnQubes,India,India,IT Jobs,,,False,Unknown,2026-09-01 16:20:17+00:00,"SAP Data Migration Functional Analyst – Enterprise Asset Management (EAM) / Plant Maintenance (PM) The SAP Data Migration Functional Analyst – Enterprise Asset Management (EAM) / Plant Maintenance (PM) is responsible for the end-to-end functional ownership of assigned SAP data migration objects supporting SAP S/4HANA Enterprise Asset Management business processes. The role serves as the primary liaison between Business Process Teams, Business Data Owners, Data Construction SMEs, and Data Migrat…",[],0,
5867036131,Azure data engineer - F2F discussion - Chennai,Tata Consultancy Services,"Chennai, Tamil Nadu",India,IT Jobs,,,False,Unknown,2026-09-02 16:42:44+00:00,"Greetings from Tata Consultancy Services (TCS) What we are looking for: Azure data engineer Location : Chennai Interview Mode : F2F discussion Exp : 5 Years Design, develop, and maintain scalable data pipelines and data integration solutions using Azure cloud services. Build and manage ETL/ELT processes using Azure Data Factory (ADF), Azure Databricks, and Azure Synapse Analytics . Develop and optimize data lakes and data warehouses using Azure Data Lake Storage (ADLS), Synapse, and SQL databas…","['SQL', 'Azure', 'ETL']",3,
5876872343,Data Engineer,TIGI HR,India,India,IT Jobs,,,False,Unknown,2026-09-09 14:45:58+00:00,"Key Responsibilities Design, develop, and maintain scalable data pipelines and ETL workflows . Build and optimize data integration processes using tools such as SSIS and Apache Airflow . Develop and maintain data workflows using Azure Data Factory (ADF) . Write optimized and complex SQL queries for data extraction, transformation, and analysis. Use Python for data processing, automation, and pipeline development. Design and maintain data warehouse solutions and data models. Develop efficient da…","['SQL', 'Python', 'Azure', 'ETL']",4,
5882591585,Google Data Engineer,Tata Consultancy Services,"Chennai, Tamil Nadu",India,IT Jobs,,,False,Unknown,2026-09-13 17:18:01+00:00,"Walk-In drive for the role of Google Data Engineer Experience range: 4-10 years Walk-in Date: 19th September 2026 Walk-in Venue: TCS -Magnum Block IT SEZ Phase-2, 200 Feet Radial Road, MCN Nagar Extension,Thoraipakkam, Chennai - 600097 Job Summary We are looking for a skilled Google Cloud Data Engineer with strong expertise in designing, developing, and optimizing scalable data solutions on Google Cloud Platform (GCP). The ideal candidate will have hands-on experience with BigQuery, Dataflow, D…",['Big Query'],1,
5864430870,Data Engineer,EXL,India,India,IT Jobs,,,False,Unknown,2026-09-01 16:21:42+00:00,"About the Role We are looking for a highly skilled AWS Data Engineer to design, build, and optimize scalable data solutions on AWS cloud. The ideal candidate should have strong expertise in data engineering, ETL/ELT development, cloud-native architectures, and modern data warehousing technologies. Key Responsibilities Design, develop, and maintain scalable data pipelines on AWS. Build and optimize ETL/ELT processes for structured and unstructured data. Develop data ingestion frameworks from mul…","['AWS', 'ETL']",2,
5864423371,Data Engineer - Databricks,Tata Consultancy Services,"Hyderabad, Telangana",India,IT Jobs,,,False,Unknown,2026-09-01 16:20:10+00:00,"Greetings from TCS TCS is hiring Data Engineer (Databricks with Azure) Location – Any Years of Experience – 4-15 years Job Description Role - Senior Data Engineer – Databricks Required Technical Skill Set Databricks, PySpark, Delta Lake, MLflow, Azure, Data Lakehouse architecture, CI/CD, DataOps Job description- • Data Pipeline Development: Design, build, and optimize scalable data pipelines using Azure Data Factory, Azure Databricks, and other Azure services for data ingestion and processing. …",['Azure'],1,
5870527464,Data Engineer,Recro,India,India,IT Jobs,,,False,Unknown,2026-09-04 16:57:28+00:00,"Job Title: Data Engineer-AWS Experience: 2–3 Years Location: Pune Work Mode: Work from Office-Pune About the Role We are seeking a Junior Data Engineer with 2 to 3 years of experience to join our growing team in Pune. In this role, you will work alongside senior engineers to build, optimise, and maintain data pipelines, write efficient SQL queries, and utilise AWS cloud services to enable data processing and analytics across the organisation. Key Responsibilities Assist in developing, testing, …","['SQL', 'AWS']",2,
5879664856,Senior Data Engineer,Latinem Private Limited,"Hyderabad, Telangana",India,IT Jobs,,,False,Unknown,2026-09-11 17:13:30+00:00,"Job Title: Senior Data Engineer – Data Analytics Location: Hyderabad Function: Data Analytics / Business Intelligence Role Overview: We are seeking a Senior Data Engineer – Data Analytics to lead the organization’s analytics strategy and enable data driven decision making across the enterprise. This role will drive advanced analytics and BI initiatives, partner with business and IT leaders, and ensure scalable, secure, and compliant analytics solutions. Key Responsibilities: Define and execute …",[],0,
5846723639,Senior People Analyst,Wise,"Hyderabad, Telangana",India,IT Jobs,,,False,full_time,2026-08-18 18:03:42+00:00,"This job is with Wise, an inclusive employer and a member of myGwork – the largest global platform for the LGBTQ business community. Please do not contact the recruiter directly. Wise is a global technology company, building the best way to move and manage the world’s money. Min fees. Max ease. Full speed. Whether people and businesses are sending money to another country, spending abroad, or making and receiving international payments, Wise is on a mission to make their lives easier and save t…",[],0,
5864439568,GCP Data Engineer,HTC Global Services,"Chennai, Tamil Nadu",India,IT Jobs,,,False,Unknown,2026-09-01 16:22:57+00:00,"We are looking for an experienced Data Engineer with strong Python and Google Cloud Platform (GCP) expertise to design, develop, and maintain scalable data pipelines and cloud-based data solutions. The candidate will work closely with data analysts, data scientists, and business stakeholders to build reliable data platforms and enable data-driven decision-making. Key Responsibilities Design, develop, and maintain scalable ETL/ELT data pipelines using Python and GCP services. Develop high-qualit…","['Python', 'ETL']",2,
5880001551,GLNS Data & System Care – Manager,Pfizer,"Chennai, Tamil Nadu",India,IT Jobs,,,False,full_time,2026-09-11 22:27:29+00:00,"This job is with Pfizer, an inclusive employer and a member of myGwork – the largest global platform for the LGBTQ business community. Please do not contact the recruiter directly. JOB FOCUS This role is at Manager level within the organization with in-direct people managerial responsibilities in a hybrid model with an extended partner. The role is expected to demonstrate a very strong leadership in driving initiatives and drive actions in close collaboration with cross functional teams with PG…",[],0,
5875419680,Senior Data Engineer – Databricks,"Aspire, Jordan",India,India,IT Jobs,,,False,Unknown,2026-09-08 14:40:42+00:00,"Data Engineer – Databricks Job Overview We are looking for an experienced Data Engineer with strong expertise in Databricks to design, develop, and optimize scalable data pipelines and modern data platforms. The ideal candidate will have hands-on experience with big data technologies, cloud platforms, and ETL/ELT processes , with a strong focus on building reliable, high-quality data solutions that support analytics and business intelligence initiatives. The Data Engineer will collaborate close…",['ETL'],1,
5875602757,HR Analytics- Workday,Sutherland,India,India,IT Jobs,,,False,full_time,2026-09-08 18:42:04+00:00,Job Title - HR Analytics Department HR Analytics Employment Type Full-Time Location : Chennai (WFH) Shift : 6.30 pm to 3.30 am Department : HR Analytics Role Summary We are seeking an experienced Senior HR Data Analyst to join our HR Analytics . The Senior Data Analyst will serve as a key subject matter expert in translating complex workforce data into actionable business insights. The ideal candidate will possess expertise in Workday report Writing paired with Advanced Excel data modelling cap…,['Excel'],1,
5864424584,AWS Data Engineer,Tata Consultancy Services,"Noida, Ghaziabad",India,IT Jobs,,,False,Unknown,2026-09-01 16:20:25+00:00,"TCS Hiring | Azure Data Engineer | Noida Greetings from Tata Consultancy Services (TCS)! We are looking for As an AWS Data Engineer with strong expertise in Python, PySpark, and AWS Data Services to design, build, and optimize scalable data pipelines and cloud-based data platforms. The ideal candidate should have hands-on experience in big data processing, data integration, cloud migration, and data warehousing solutions on AWS.  Job Title- AWS Data Engineer  Location - Noida  Experience Requir…","['Python', 'AWS', 'Azure']",3,
5864424975,Azure Data Engineer,EXL,"Noida, Ghaziabad",India,IT Jobs,,,False,Unknown,2026-09-01 16:20:30+00:00,"Role - Azure Data Engineer Mandatory Skill - Azure Data Factory, DBT, Snowflake Experience range - 5-8 yrs Location- Noida, Gurgaon, Pune, Bangalore, Hyderabad, Chennai Job Description: Key Responsibilities : o Design and develop ETL/ELT pipelines using Azure Data Factory, Snowflake, and DBT. o Build and maintain data integration workflows from various data sources to Snowflake. o Write efficient and optimized SQL queries for data extraction and transformation. o Work with stakeholders to under…","['SQL', 'Azure', 'ETL']",3,
5867265799,Senior Executive - MIS & Analytics,Atain,India,India,IT Jobs,,,False,Unknown,2026-09-02 21:45:54+00:00,"Assistant Manager – People Analytics | Power BI Developer Level: Sr Exec/Assistant Manager Contract : 6months Role Overview We are looking for a hands-on Power BI Developer / Data Analyst to build People Analytics dashboards, integrate data from multiple sources and generate actionable insights. This is a technical individual contributor role with a strong focus on Power BI, data modelling, visualization and analytics. Key Responsibilities Develop and maintain interactive Power BI dashboards fo…",['Power BI'],1,
5864439271,Data Engineer-ADF,"Prudent Technologies and Consulting, Inc.","Hyderabad, Telangana",India,IT Jobs,,,False,Unknown,2026-09-01 16:22:54+00:00,"Define, Design, and Build an optimal data pipeline architecture to collect data from a variety of sources, cleanse, and organize data in SQL & NoSQL destinations (ELT & ETL Processes). Define and Build business use case-specific data models that can be consumed by Data Scientists and Data Analysts to conduct discovery and drive business insights and patterns. Identify, design, and implement internal process improvements: automating manual processes, optimizing data delivery, re-designing infras…","['SQL', 'ETL']",2,
5867263603,Content Writer,Collegedunia,India,India,"PR, Advertising & Marketing Jobs",,,False,Unknown,2026-09-02 21:45:19+00:00,"About your new company Collegedunia is an education portal, matching students with the best colleges in India abroad. We help in college research, exam prep tips, application process & also provide insights on-campus life. Launched in 2014, we are the highest ranked portal by Similar Web in education. We have also been awarded as - Best Educational Portal by IAMAI in 2017, and listed by TechinAsia as Top 100 Startups in Asia. Collegedunia is fuelled by the energy of over a 1000 individuals havi…",[],0,
5864427382,Python Technical Lead,JRD Systems,"Bangalore, Karnataka",India,IT Jobs,,,False,Unknown,2026-09-01 16:21:00+00:00,"What’s in it for you: We are looking for an innovative, mission-driven Technical Lead with strong backend engineering, data pipeline, design, and architecture experience to make a significant impact by designing and delivering AWS cloud-native solutions that enable analysts to forecast long- and short-term trends in the automotive industry. This role requires hands-on technical depth, proven experience in solution design and system architecture, and the ability to lead engineering teams in a fa…","['Python', 'AWS']",2,
5846723609,"Product Analyst – Operations Reference Data, AVP",Deutsche Bank,"Bangalore, Karnataka",India,IT Jobs,,,False,full_time,2026-08-18 18:03:42+00:00,"This job is with Deutsche Bank, an inclusive employer and a member of myGwork – the largest global platform for the LGBTQ business community. Please do not contact the recruiter directly. Position Overview Role Description The Product Reference Data Service team sits within Operations Reference Data Services and is responsible for providing accurate and timely product reference data for the Bank. pRDS provides product data for all divisions of the Bank (IB/CB/PB) and deals with stakeholder acro…",[],0,
5864437606,Senior / Lead Data Engineer,Eucloid Data Solutions,"Chennai, Tamil Nadu",India,IT Jobs,,,False,Unknown,2026-09-01 16:22:39+00:00,"Job Description Eucloid is looking for a Lead Data Engineer to join our Data Platform team supporting various business applications. The ideal candidate will support development of data infrastructure for our clientsby participating in activities which may includestarting from up- stream and down-stream technology selection to designingand building of different components. Candidate will also involve in projects like integrating data from various sources, managing big data pipelines that are ea…",[],0,
5864439916,LEAD DATA ENGINEER,Eucloid Data Solutions,"Chennai, Tamil Nadu",India,IT Jobs,,,False,Unknown,2026-09-01 16:23:00+00:00,"Job Description Eucloid is looking for a Lead Data Engineer to join our Data Platform team supporting various business applications. The ideal candidate will support development of data infrastructure for our clients by participating in activities which may include starting from up- stream and down-stream technology selection to designing and building of different components. Candidate will also involve in projects like integrating data from various sources, managing big data pipelines that are…",[],0,
5876872214,ETL Data Engineer (DBT),AGAM Technologies Solutions Private Limited,"Coimbatore, Tamil Nadu",India,IT Jobs,,,False,full_time,2026-09-09 14:45:45+00:00,"Job description Experience: 7 Years Location: Coimbatore- Work from Office Employment Type: Full-time Availability: Immediate Joiner Preferred About the Role We are looking for an experienced ETL Data Engineer with strong expertise in DBT (Data Build Tool) to design, develop, and optimize scalable data pipelines and transformation workflows. The ideal candidate will have extensive experience in ETL development, data warehousing, SQL, and cloud-based data platforms, along with a strong understan…","['SQL', 'ETL']",2,
5870527502,Senior Data Engineer (GCP),Publicis Production,"Bangalore, Karnataka",India,IT Jobs,,,False,full_time,2026-09-04 16:57:28+00:00,"Job Summary: We are seeking a proactive and self-motivated Senior Data Engineer with a proven track record in building scalable cloud-based data solutions across multiple cloud platforms to support our work in architecting, building and maintaining the data infrastructure. The specific focus for this role will start with GCP however we require experience with Snowflake and Databricks also. As a senior member within the data engineering space, you will play a pivotal role in designing scalable d…",[],0,
5864429089,AWS Data Engineer,Persistent Systems,India,India,IT Jobs,,,False,full_time,2026-09-01 16:21:25+00:00,"About Position: We are seeking an experienced AWS Data Engineer with 8-12 years of experience in designing, developing, and supporting cloud-native data platforms and ETL solutions on AWS. The ideal candidate will be responsible for building scalable data pipelines, implementing event-driven architectures, automating infrastructure, and enabling reliable data integration across enterprise applications. This role requires strong expertise in AWS Glue, AWS Lambda, Step Functions, S3, Terraform, C…","['AWS', 'ETL']",2,
5867263656,Technical Content Writer,Collegedunia,India,India,IT Jobs,,,False,Unknown,2026-09-02 21:45:20+00:00,"About Collegedunia Collegedunia is an education portal matching students with the best colleges in India & abroad. We help with college research, exam prep tips, the application process, and insights on campus life. Launched in 2014, we are the highest-ranked portal by SimilarWeb in education. We were awarded Best Educational Portal by IAMAI in 2017, and listed by TechInAsia among the Top 100 Startups in Asia . Collegedunia is fueled by the energy of 1000 — data analysts, engineers, designers, …",[],0,
5864437297,Power BI Consultant,Gantec Corporation,"Chennai, Tamil Nadu",India,IT Jobs,,,False,full_time,2026-09-01 16:22:37+00:00,"Power BI Consultant – Production Support & Optimization Full Time | On-Site | Chennai | Immediate Joiner Role Overview We are looking for an experienced Power BI Consultant to support a business-critical reporting environment following a cloud data-platform migration. The role combines hands-on Power BI development, production support, performance optimization, functional analysis, and business stakeholder engagement. Key Responsibilities Support Power BI reports and dashboards during go-live, …",['Power BI'],1,
5864425045,Data Specialist,HighRadius,"Hyderabad, Telangana",India,IT Jobs,,,False,Unknown,2026-09-01 16:20:31+00:00,"Be a part of the CEO's vision for the next generation of performance management. As a Data Analyst on the AutoPH team, you will be responsible for collecting, analyzing, and interpreting data to help optimize AutoPH processes, improve system accuracy, and support decision-making. This role involves working with large datasets from various systems and tools, identifying trends, generating reports, and providing actionable insights to support operational, project, and business objectives. Key Res…",[],0,
5882589220,Equity Fund Manager,Taurus Mutual Fund,India,India,Accounting & Finance Jobs,,,False,Unknown,2026-09-13 17:17:16+00:00,"As a Fund Manager, you will be responsible for managing investment portfolios, analyzing market trends, and making informed investment decisions. Your role is crucial in driving the performance of the funds under your management, and you will play a key part in maintaining and enhancing client relationships. The ideal candidate has a strong analytical mindset, a deep passion for investing, and is ultra-competitive in a positive team context. Key responsibilities: Develop and implement effective…",[],0,
5873073802,Data Engineer [T500-29176],CIBC India,"Hyderabad, Telangana",India,IT Jobs,,,False,Unknown,2026-09-06 18:33:47+00:00,"About CIBC: CIBC is a leading North American bank, with a history of more than 150 years of living our purpose - to help make your ambition a reality. Client relationships are at the center of our strategy, and our growth is enabled by a highly engaged and connected global team. From digital banking to community impact, we’re proud to drive progress for our clients and our communities. Recognized for our culture, award-winning innovation and community investment, CIBC continues to evolve by put…",[],0,
5826247065,Data Analyst,Inficore Soft,India,India,IT Jobs,264000.0,276000.0,False,full_time,2026-08-03 06:51:53+00:00,"Data Analyst (Full-Time) Company: Inficore Soft Job Title: Data Analyst Location: India Employment Type: Full-Time Salary: ₹22,000 per month About Inficore Soft Inficore Soft is a technology-driven company focused on delivering innovative software and digital solutions. We are looking for a detail-oriented Data Analyst who can transform raw data into meaningful insights to support business growth and strategic decision-making. Key Responsibilities * Collect, clean, and validate data from multip…",[],0,270000.0
4686704238,Data Analyst,Unknown,"Thiruvananthapuram, Kerala",India,IT Jobs,,,False,Unknown,2024-05-10 07:38:46+00:00,Immediate requirement for the post of Data Analyst on rotation Shift (Male or Female). Persons only willing to work in both shifts need to apply.careers.coretechgmail.comorplease contact 9.4.nine.6.8.1.5.6.3.0,[],0,
5881157171,Data Analyst,Brookhouse Aerospace,UK,United Kingdom,IT Jobs,40690.64,40690.64,True,Unknown,2026-09-12 17:04:13+00:00,"We are seeking a skilled and detail-oriented Data Analyst with strong coding capabilities to support the development of business intelligence, reporting, and data-driven decision making. ​ The successful candidate will be responsible for transforming raw data into meaningful insights, building dashboards, and improving data processes across the organisation. This is a fixed term contract initially, with the possibility of a permanent role depending on business needs. ​ About Us Brookhouse Aeros…",[],0,40690.64
5788129967,Data Analyst,Billing Finance,"Northampton, Northamptonshire",United Kingdom,IT Jobs,35000.0,45000.0,False,full_time,2026-07-04 15:35:01+00:00,"About You. Are you an experienced Data Analyst? Are you a self-starter with an analytical mindset, focussed on getting teams what they need to get the work done? Does the idea of joining a company who are undergoing a genuinely exciting period of change and growth appeal? ​ ​ About The Role. We're looking for an experienced Data Analyst to join us. Working within our Data Analytics team, you will play a crucial role, providing actionable insights to guide strategic decisions and operational pro…",[],0,40000.0
5858141763,Data Analyst,Verisk,"Manchester, Greater Manchester",United Kingdom,IT Jobs,31723.68,31723.68,True,Unknown,2026-08-27 11:39:33+00:00,"hackajob is collaborating with Verisk to connect them with exceptional professionals for this role. Description At Ignite Systems, we help insurers and brokers work smarter through innovative technology, data, and automation solutions. As we continue to grow, we're looking for a Data Analyst to join our team and play a key role in supporting and enhancing insurance scheme pricing models, configurations, and client solutions. This is an excellent opportunity for someone who enjoys working with d…",[],0,31723.68
5881008835,Data Analyst,NEXT,"Leicester, Leicestershire",United Kingdom,IT Jobs,33000.0,,False,full_time,2026-09-12 14:03:24+00:00,"The Role As a Data Analyst within our Finance Operations team at Next, you will play a key role in turning complex operational and financial data into clear, actionable insight. You will be a core builder of our analytical reporting capability, using SQL, Databricks and Power BI to create trusted data assets, develop reporting solutions and support better decision-making across Finance and Third-Party (TP) Retail Operations. This is a hands-on role requiring strong technical capability alongsid…","['SQL', 'Power BI']",2,33000.0
5848122036,Data Analyst,Applause IT Recruitment Ltd,UK,United Kingdom,IT Jobs,45000.0,50000.0,False,full_time,2026-08-19 12:46:31+00:00,"Data Analytics Engineer Location: Remote - United Kingdom Salary: Up to £50,000 Employment Type: Permanent, Full Time Are you a Data Analytics Engineer, BI Engineer or technically strong Power BI Developer looking for a role where you can work across both reporting and the underlying data that powers it? Applause IT is recruiting for a Data Analytics Engineer on behalf of a large UK organisation currently investing significantly in its data, technology and reporting capability. This is a hybrid…",['Power BI'],1,47500.0
5855326053,Data Analyst,Red Sky Personnel Ltd,UK,United Kingdom,IT Jobs,35000.0,45000.0,False,full_time,2026-08-25 13:18:05+00:00,"Role: Data Technician Location: St Albans The Opportunity An established UK civil engineering and infrastructure specialist is seeking a Data Technician to support project and delivery teams by integrating, developing and enhancing tools, systems and processes. The role will improve the management of safety, health, environmental, quality (HSEQ) and commercial data, while driving efficiency, continuous improvement and innovation across the region. Working with internal teams and external specia…",[],0,40000.0
5210480065,Data Analyst,wipro,UK,United Kingdom,IT Jobs,35201.95,35201.95,True,full_time,2025-05-22 08:54:18+00:00,"Role Title Data Analyst Reports To Project Manager/ Database Lead Direct Reports NA Indirect Reports (Upto N-2) NA Role Purpose The purpose of this role is to interpret data and turn intoinformation (reports, dashboards, interactive visualizations etc) whichcan offer ways to improve a business, thus affecting business decisions. Do Managing the technical scope of the project in line with therequirements at all stages Gather information from various sources (data warehouses,database, data integr…",[],0,35201.95
5210490873,Data Analyst,wipro,UK,United Kingdom,IT Jobs,35965.09,35965.09,True,full_time,2025-05-22 08:55:37+00:00,"Role Title Data Analyst Reports To Project Manager/ Database Lead Direct Reports NA Indirect Reports (Upto N-2) NA Role Purpose The purpose of this role is to interpret data and turn intoinformation (reports, dashboards, interactive visualizations etc) whichcan offer ways to improve a business, thus affecting business decisions. Do Managing the technical scope of the project in line with therequirements at all stages Gather information from various sources (data warehouses,database, data integr…",[],0,35965.09
5877599914,Data Analyst,RSK Group,UK,United Kingdom,IT Jobs,39380.43,39380.43,True,Unknown,2026-09-09 23:30:58+00:00,"About the Company At Nicholas O'Dwyer, sustainability is at the core of our work. If you are looking to advance your career in a socially responsible company, which has a proven track record over 90 years, and is committed to creating a sustainable planet, we invite you to be part of our team. Our mission is to provide innovative and reliable solutions using cutting edge technology and expertise, to ensure project success and employee satisfaction. We deliver infrastructure projects in water, w…",[],0,39380.43
5868918352,Data Analyst,Chiltern Railways,"Bodicote, Banbury",United Kingdom,Engineering Jobs,35000.0,40000.0,False,full_time,2026-09-03 14:11:46+00:00,"Role: Fleet Data Analyst Location: Banbury Contract Type: Permanent Salary: Up to £40,000 per annum Job Purpose Chiltern Railways operate between the West Midlands and London, providing journey options to Aylesbury, Oxford, Birmingham, Stratford-Upon-Avon and other destinations. The Fleet Performance Team are a crucial function to measure and actively improve the reliability of the Chiltern Railways fleet whilst also supporting other departments and the industry to improve fleet performance. Th…",[],0,37500.0
5837137751,Data Analyst,Proman,"Derby, Derbyshire",United Kingdom,IT Jobs,30000.0,30000.0,False,full_time,2026-08-11 21:20:30+00:00,"Location: Burnaston/ Client Site Salary: £27,000 - 30,000 per annum (depending on experience) Hours: Monday-Friday, 8:00am-4:30pm (open to 9am-3pm) Temporary, Ongoing Full-Time We're looking for an analytical and proactive Data Analyst to join our Managed Services team. This role will play a key part in providing workforce and operational insights that help both Proman and our clients make informed business decisions. Working closely with onsite account teams and stakeholders, you'll transform …",[],0,30000.0
5797953476,Data Analyst,AvePoint,"London, UK",United Kingdom,Sales Jobs,48699.99,48699.99,True,Unknown,2026-07-12 13:50:20+00:00,"Job Summary: AvePoint is seeking a highly analytical Data Analyst to support and scale our global partner business. In this role, you will analyze data across our partner ecosystem—including sales performance, customer usage, licensing, and marketing—to provide insights into how our partners drive revenue growth, customer adoption, and long-term retention. Your work will help leadership make decisions on where to invest, which partners to prioritize, and how to grow our channel business effecti…",[],0,48699.99
5865265469,Data Analyst,Morson Edge,"London, UK",United Kingdom,IT Jobs,65000.0,104000.0,False,Unknown,2026-09-01 21:39:02+00:00,"Microsoft Power Apps & Data Analytics Specialist Drive innovation. Transform data into action. Shape the future of one of London's most important transport services. We are looking for a talented Microsoft Power Apps & Data Analytics Specialist to join a team at the heart of the Elizabeth Line's digital transformation journey. This is a unique opportunity to work with a vast range of operational, engineering, maintenance and safety data, developing innovative applications, dashboards and report…",[],0,84500.0
5869586939,Data Analyst,PDSA,"Snedshill, Telford",United Kingdom,IT Jobs,42783.0,45350.0,False,Unknown,2026-09-03 23:19:24+00:00,"Join us to help keep even more people and pets together when times are tough. For over a century, PDSA have provided vital veterinary care for the pets of people in financial hardship. We&rsquo;re now on a journey to expand our reach to support even more people and their beloved pets. To achieve this ambitious goal, we need passionate and driven individuals who are ready to embrace change and help shape a future-focused PDSA. Together, we'll build a stronger organisation to ensure our services …",[],0,44066.5
5852091745,Data Analyst,Hackajob Ltd,"South West London, London",United Kingdom,IT Jobs,64596.43,64596.43,True,Unknown,2026-08-22 05:30:16+00:00,"hackajob is partnering directly with Solirius Reply to hire for this role. Solirius Reply, part of the Reply Group, delivers technical consultancy and application delivery to our clients in order to solve real world problems and allow our clients to respond to an ever-changing technical landscape. We partner closely with our clients, embedding our consultants into their businesses in order to provide a bespoke service, allowing us to truly understand our clients' needs. It is this close collabo…",[],0,64596.43
5823562275,Data Analyst,Solirius Reply,"London, UK",United Kingdom,IT Jobs,59407.18,59407.18,True,Unknown,2026-08-01 09:17:06+00:00,"hackajob is collaborating with Solirius Reply to connect them with exceptional professionals for this role. Solirius Reply, part of the Reply Group, delivers technical consultancy and application delivery to our clients in order to solve real world problems and allow our clients to respond to an ever-changing technical landscape. We partner closely with our clients, embedding our consultants into their businesses in order to provide a bespoke service, allowing us to truly understand our clients…",[],0,59407.18
5878705697,Data Analyst,Air Apps,"London, UK",United Kingdom,IT Jobs,50000.0,63000.0,False,full_time,2026-09-10 17:08:15+00:00,"About Air Apps At Air Apps, we believe in thinking bigger—and moving faster. We’re a family-founded company on a mission to create the world’s first AI-powered Personal & Entrepreneurial Resource Planner (PRP), and we need your passion and ambition to help us change how people plan, work, and live. Born in Lisbon, Portugal in 2018—and now with offices in both Lisbon and San Francisco—we’ve remained self-funded while reaching over 100 million downloads worldwide. Our long-term focus drives us to…",[],0,56500.0
5856974719,Data Analyst,CUBE,"London, UK",United Kingdom,IT Jobs,60296.57,60296.57,True,full_time,2026-08-26 16:28:39+00:00,"CUBE are a global RegTech business defining and implementing the gold standard of regulatory intelligence for the financial services industry. We deliver our services through intuitive SaaS solutions, powered by AI, to simplify the complex and everchanging world of compliance for our clients. Why us?  CUBE is a globally recognized brand at the forefront of Regulatory Technology. Our industry-leading SaaS solutions are trusted by the world’s top financial institutions globally.  In 2024, we achi…",[],0,60296.57
5819014767,Data Analyst,Department for Work and Pensions,"Manchester, Greater Manchester",United Kingdom,Admin Jobs,39324.17,39324.17,True,part_time,2026-07-29 00:34:52+00:00,"We’re happy to speak about any reasonable adjustments you need. Please note this role requires you to pass Security Check clearance. For further information, please see 'Selection process details'. DWP is the UK's largest government department. We help people into work and make payments worth over £195bn a year to support some of the most vulnerable people in our society. This role is fundamental to helping tens of thousands of colleagues across the organisation collaborate and communicate with…",[],0,39324.17
5210480072,Data Analyst,wipro,UK,United Kingdom,IT Jobs,42893.16,42893.16,True,full_time,2025-05-22 08:54:18+00:00,"Roles and Responsibility Primary role is to Create customized dashboards for Mapping PgMs/leads on requirement basis, Analyze trends in data and create reports around them, Suggest FRs in mapping tools to ensure better data capturing. Automate various manual tasks. Analyze data & work on possible solutions to product level use cases. Communicate findings to stakeholders in a clear and concise manner. Play a liaison role between different groups (Engg team, PgMs, Ops) Create customized workflow …",[],0,42893.16
5210480225,Data Analyst,virtusa,UK,United Kingdom,IT Jobs,44420.49,44420.49,True,full_time,2025-05-22 08:54:19+00:00,"Requirements elicitation, approvals, processes and scope impacts Ability to plan ahead for potential changes and corrective actions Building traceability, testing and validation materials Ability to lead work with the business to identify functional and technical requirements Translating requirements into design and process specifications Shape and define business cases, producing detailed business justification You will need great interpersonal skills & a collaborative approach to delivery Abl…",[],0,44420.49
5210489434,Data Analyst,idfc first bank,UK,United Kingdom,IT Jobs,39883.86,39883.86,True,full_time,2025-05-22 08:55:29+00:00,"Business: New Age Function/ Department: HPE -Data & Analytics Place of work: Mumbai Roles & Responsibilities '- Identify and scope business requirements and priorities through rigorous information gathering and analysis as well as clarification of the solutions, initiatives and programmes to enable effective delivery. Design analytics techniques to meet current and future business needs. Robust understanding of data and fields required or analysis. Understanding of analytical framework and map …",[],0,39883.86
5747468056,Data Analyst,N Consulting Ltd,"Northampton, Northamptonshire",United Kingdom,IT Jobs,40000.0,50000.0,False,Unknown,2026-06-01 11:40:41+00:00,"Overview We are seeking a talented individual to join our team in a data-driven capacity. The successful candidate will play a crucial role in interpreting data and delivering insights that drive business decisions. Key Responsibilities Collect, clean, and analyse data from various sources. Develop and maintain dashboards and reports to communicate findings. Collaborate with cross-functional teams to understand data needs and provide analytical support. Identify trends and patterns in complex d…",[],0,45000.0
5119755697,Data Analyst,Executive Talent,UK,United Kingdom,IT Jobs,45698.39,45698.39,True,Unknown,2025-03-31 12:24:57+00:00,"Sitting at the heart of our sales engine, this role will see you playing a key strategic role in understanding and influencing the performance of our Sales function. With access to a range of financial and operational systems, you will work to develop data structures and outputs that help inform strategic and tactical decisions around our forecast, pipeline, process and people. In addition to building and producing insightful data, this role will see you working with key stakeholders from acros…",[],0,45698.39
5836444140,Data Analyst,Synectics Solutions,"Burslem, Stoke-On-Trent",United Kingdom,IT Jobs,48540.77,48540.77,True,Unknown,2026-08-11 07:52:51+00:00,"Synectics Solutions are a leading force in delivering innovative, data-driven business solutions. For over 30 years, we’ve specialised in building complex data management and software products for household brands across the public and private sectors. Our next chapter focuses on leveraging cloud-native data platforms and advanced analytics, underpinned by our data lake initiative, to deliver scalable insights and AI-driven solutions. The Role This is a dynamic and evolving role at the heart of…",[],0,48540.77
5789988738,Data Analyst,Opencast Software,"Newcastle Upon Tyne, Tyne & Wear",United Kingdom,IT Jobs,49983.61,49983.61,True,Unknown,2026-07-06 16:39:35+00:00,"hackajob is collaborating with Opencast Software to connect them with exceptional professionals for this role. The Role You’ll help clients improve their services by selecting the appropriate techniques to turn data into insights, by working within a product delivery team to develop performance measuring frameworks to track goals, user needs, or KPIs. You’ll operate within the client's requirements and the appropriate legal, technical and ethical constraints. Leading by example and promoting Op…",[],0,49983.61
5858904718,Data Analyst,Chip,"Spitalfields, East London",United Kingdom,IT Jobs,42837.32,42837.32,True,Unknown,2026-08-28 00:00:32+00:00,"You’ll be responsible for monitoring Chip’s product functionality, and working cross functionally providing data analysis, MI, and operational controls to aid product development. This role will work closely with our Operations and Compliance teams, including working with our Financial Crime data. What you'll do: Analyse data using SQL Provide data extracts, analysis and dashboard reporting to all areas of the business, helping to determine opportunities and support solutions Assist the wider b…",['SQL'],1,42837.32
5859619578,Data Analyst,Chip ,"Spitalfields, East London",United Kingdom,IT Jobs,42981.69,42981.69,True,full_time,2026-08-28 11:51:22+00:00,"You’ll be responsible for monitoring Chip’s product functionality, and working cross functionally providing data analysis, MI, and operational controls to aid product development. This role will work closely with our Operations and Compliance teams, including working with our Financial Crime data. What you'll do: Analyse data using SQL Provide data extracts, analysis and dashboard reporting to all areas of the business, helping to determine opportunities and support solutions Assist the wider b…",['SQL'],1,42981.69
5812154342,Data Analyst,HyperFinity,"Leeds, West Yorkshire",United Kingdom,Retail Jobs,300.0,300.0,False,full_time,2026-07-23 10:56:26+00:00,"Description About HyperFinity: At HyperFinity, we use data science and AI to help retailers make smarter, more profitable decisions across pricing, promotions and retail media. Put simply: we help retailers sell the right products, to the right people, at the right price. We combine advanced tech with human expertise, partnering with leading brands like Morrisons, Costa Coffee, Hotel Chocolat, Card Factory, Toolstation and JD Sports. We’re building an inclusive, high-performing team where diffe…",[],0,300.0
5870749603,Data Analyst,Bleckmann Solutions UK,UK,United Kingdom,Logistics & Warehouse Jobs,29700.0,29700.0,False,full_time,2026-09-04 16:39:53+00:00,"Ready to Join the Backstage Crew? At Bleckmann, we’ve been delivering on promises since 1862. As a market leader in supply chain management for fashion and lifestyle brands, we keep the show running behind the scenes — from moving boxes to moving data, from pack & ship to IT and HR. But we’re not just logistics experts. We’re The Backstage Crew — a tight-knit team of 6,500 people who make fashion and lifestyle brands shine by doing the work that matters most, out of the spotlight but never out …",[],0,29700.0
5881109030,Data Analyst,RAPPLTUK RAPP,"London, UK",United Kingdom,"PR, Advertising & Marketing Jobs",30138.27,30138.27,True,full_time,2026-09-12 16:40:56+00:00,"Agency: RAPP Job Function: Data and Analytics Job Subfunction: Data Science and Analytics Job Description: WHO WE AR E We are RAPP – world leaders in activating growth with precision and empathy at scale. As a global, next-generation precision marketing agency we leverage data, creativity, technology, and empathy to foster client growth. We champion individuality in the marketing solutions we create, and in our workplace. We fight for solutions that adapt to the individual’s needs, beliefs, beh…",[],0,30138.27
5878820013,Senior Data Analyst / Business Data Analyst,INSIGHT INTERNATIONAL  Limited,"London, UK",United Kingdom,IT Jobs,57906.73,57906.73,True,Unknown,2026-09-10 19:11:16+00:00,"Job Summary (List Format): Senior Data Analyst / Business Data Analyst - Act as a consultative partner to business stakeholders, report owners, and customers to understand and refine business requirements. - Bridge the gap between business needs and technical data solutions through direct collaboration and analytical expertise. - Use strong business acumen and deep analytical skills to challenge requirements constructively and recommend actionable, data-driven solutions. - Perform rapid data in…",[],0,57906.73
5883461705,Data Analyst Placement Programme No Experience Needed,IT Online Learning,UK,United Kingdom,IT Jobs,65000.0,65000.0,False,Unknown,2026-09-14 10:42:43+00:00,"Data Analyst Placement Programme no experience needed From £30,000 to £65,000 per annum Trainee Data Analyst £30,000£65,000 Job Programme This is a self-funded programme that leads to employment, fees apply. Job Guarantee Complete the programme and get a job, or get your course fees back. Location: UK Wide (Remote Opportunities Available) Looking to start a career in Data Analysis? We are offering a st",[],0,65000.0
5878873076,Business Data Analyst,Test Triangle,"Farringdon, Central London",United Kingdom,IT Jobs,48773.43,48773.43,True,Unknown,2026-09-10 21:52:14+00:00,"Job Description: Senior Data Analyst / Business Data Analyst (Azure Data Platform) Role Overview We are seeking a highly consultative Senior Data Analyst / Business Data Analyst who combines strong business acumen with deep analytical and Azure data platform expertise. The ideal candidate will work directly with business stakeholders, report owners, and customers to understand business challenges, challenge requirements constructively, and translate them into actionable analytics solutions. Thi…",['Azure'],1,48773.43
5849929335,Senior Data Analyst,Brio Digital,"Holbeck, Leeds",United Kingdom,IT Jobs,0.0,130000.0,False,full_time,2026-08-20 21:04:32+00:00,"Data Analyst - Migration Location: Leeds (Hybrid, 2x/month on-site) Rate: £500/day Outside Ir35 Duration: 3 months rolling. Overview We're looking for a Data Analyst to support a major finance data migration into an SAP/S4 HANA landscape. This isn't an SAP configuration role. We need someone who understands how to take finance data from source documentation through to a validated, enterprise-ready state, and who can prove they've done this on enterprise-scale migrations before. Responsibilities…",[],0,65000.0
5851411217,Assistant Data Analyst,Anglian,"Old Catton, Norwich",United Kingdom,IT Jobs,25000.0,30000.0,False,Unknown,2026-08-21 19:23:07+00:00,"Assistant Data Analyst - Office based role - Norwich, Norfolk We are seeking a motivated and detail-oriented Assistant Data Analyst to join our team. This is an excellent opportunity for someone looking to begin or grow their career in data analytics within a supportive and forward-thinking environment. About the Role As a Junior Data Analyst, you will play a key role in transforming raw data into meaningful insights that support strategic decision-making across the business. You’ll work closel…",[],0,27500.0
5857236340,Business Data Analyst,Robert Half,"London, UK",United Kingdom,IT Jobs,52489.94,52489.94,True,full_time,2026-08-26 21:13:05+00:00,"Robert Half Technology are assisting a leading independent business telecoms and cloud communications provider to recruit a Business Data Analyst on a contract basis. Remote working with occasional travel to site. ASAP start - 8-month minimum contract. Role The Business Data Analyst will gather and translate business and reporting requirements into data governance and technical data requirements within a GCP data environment. Define, document and map KPIs, metrics and critical data elements acr…",[],0,52489.94
5869493390,Data Analyst (DA),Next-Link,"The City, Central London",United Kingdom,IT Jobs,68346.99,68346.99,True,Unknown,2026-09-03 20:33:48+00:00,"Role Overview Nextlink is seeking a highly skilled and experienced Data Analyst to join our team. The ideal candidate will possess strong expertise in SQL, Google BigQuery, data modeling, GIS data analysis, and telecommunications domain knowledge . This role requires a self-driven professional who can perform complex analytical investigations, design semantic data models, develop business intelligence dashboards, and work closely with stakeholders to deliver actionable insights that support str…","['SQL', 'Big Query']",2,68346.99
5878550127,Admin & Data Analyst,Catch22,"Oxford, Oxfordshire",United Kingdom,Admin Jobs,22484.94,22484.94,True,Unknown,2026-09-10 15:45:08+00:00,"Job Description About the Role This post presents an exciting opportunity to become an Administrator and Data Analyst, within our Personal Wellbeing services, in the Thames Valley area. Commissioned by HMPPS, these services are focused on supporting adult male ex-offenders across the following pathways: Emotional Wellbeing Lifestyle and Associates Family and Significant Others Social Inclusion This role will involve working in close partnership with delivery partners, HMPPS, the Voluntary Secto…",[],0,22484.94
5876915448,Data Analyst - Engineering,Biffa Waste Services,"Wolverhampton, West Midlands",United Kingdom,IT Jobs,36224.67,36224.67,True,full_time,2026-09-09 11:13:44+00:00,"The role will be based at our Aldridge site, with the opportunity for hybrid working once you've completed your training and become confident using Biffa's systems. Monday to Friday. A quick look at the role We're looking for a proactive Data Analyst to support the ongoing digital development of our Group Engineering function. This position will focus on delivering data-driven insights, improving business processes, and supporting engineering teams through innovative reporting, automation, and …",[],0,36224.67
5876915453,Data Analyst - Engineering,Biffa Waste Services,"Walsall, West Midlands",United Kingdom,IT Jobs,37180.39,37180.39,True,full_time,2026-09-09 11:13:44+00:00,"The role will be based at our Aldridge site, with the opportunity for hybrid working once you've completed your training and become confident using Biffa's systems. Monday to Friday. A quick look at the role We're looking for a proactive Data Analyst to support the ongoing digital development of our Group Engineering function. This position will focus on delivering data-driven insights, improving business processes, and supporting engineering teams through innovative reporting, automation, and …",[],0,37180.39
5876915449,Data Analyst - Engineering,Biffa Waste Services,"Birmingham, West Midlands",United Kingdom,IT Jobs,37893.32,37893.32,True,full_time,2026-09-09 11:13:44+00:00,"The role will be based at our Aldridge site, with the opportunity for hybrid working once you've completed your training and become confident using Biffa's systems. Monday to Friday. A quick look at the role We're looking for a proactive Data Analyst to support the ongoing digital development of our Group Engineering function. This position will focus on delivering data-driven insights, improving business processes, and supporting engineering teams through innovative reporting, automation, and …",[],0,37893.32
5874487851,Visualisation and Data Analyst,Anglian Water,UK,United Kingdom,IT Jobs,0.0,34500.0,False,full_time,2026-09-07 21:38:53+00:00,"Salary: From £34,500 (dependent on skills and experience) Permanent, Full time, 37 hours per week Base Location is flexible with travel required across the Anglian Water region. Our services are at the heart of every single family and community in our region. Our Water Services team clean water to the highest standard, deliver it to millions of homes, and carefully manage it to ensure it never runs out. We borrow water from the environment, store it and treat it to world-class standards to supp…",[],0,17250.0
5875592213,Financial Data Analyst,Costello Medical,"Cambridge, Cambridgeshire",United Kingdom,IT Jobs,43562.56,43562.56,True,full_time,2026-09-08 13:36:00+00:00,"Role Summary Responsibilities : Be the data-driven partner the Finance team relies on. Translate business needs into analytics, deliver Power BI dashboards, and define meaningful KPIs across functions to inform decisions Salary: £40,000 to £45,000 per annum (please note that we have established salary bands that are determined by your level of educational attainment to ensure a fair and consistent approach for all applicants, eliminating the need for individual negotiations) Benefits : Discreti…",['Power BI'],1,43562.56
5847679008,Remediation Data Analyst,Gold Group,"London, UK",United Kingdom,IT Jobs,40730.16,40730.16,True,full_time,2026-08-19 03:11:30+00:00,"Applicants should be a commutable distance to London as Location: London 2 days per week, hybrid Act as an expert in the clients's data, including how it is structured, interpreted, manipulated and quality assured to support remediation activity. Produce and undertake data-related activities, including data extracts, to support delivery of the remediation programme. Produce analysis and reporting that provides stakeholders with clear, accurate insight and information relating to remediation act…",[],0,40730.16
5850455377,Data Analyst Apprentice,info@postify.co.uk,"Elstow, Bedford",United Kingdom,IT Jobs,25800.0,25800.0,False,Unknown,2026-08-21 04:23:50+00:00,"Our client is a software company that works exclusively within the financial sector in the Bedfordshire area of England You can expect to deal with large amounts of data regarding the performance attribution and exposure of thousands of hedge funds and participate in the creation of reports for their clients. Since this is a first time role in the industry, you will be supported every step of the way. Key Duties Processing and analysing Hedge fund and Investment related data. Maintenance of the…",[],0,25800.0
5329642758,Senior Data Analyst,Parker B Associates,"London, UK",United Kingdom,IT Jobs,70000.0,70000.0,False,full_time,2025-07-31 12:01:19+00:00,"Senior Data Analyst Remote Permanent Up to £70,000  10% Bonus Our client is an E-commerce business looking for a Senior Data Analyst to join permanently. Are you interested in supporting the company’s growth with new tech? Do you have a passion for winning and success? Responsibilities: · Lead the development of analytics and data strategies utilising Amazon. · Identify, analyse, and interpret trends or patterns within complex data sets. · Develop and maintain SQL scripts for data analysis and …",['SQL'],1,70000.0
5872120033,Lead Data Analyst,Hippo Digital Limited,"Manchester Science Park, Manchester",United Kingdom,IT Jobs,69000.0,77500.0,False,full_time,2026-09-05 16:50:42+00:00,"Hippo is a rapidly growing digital consultancy passionate about building and delivering transformative digital solutions for a diverse range of Public and Private sector clients. We are recruiting for a Lead Data Analyst to join our Hippo Herd. We work at the intersection of strategy, design, and technology to solve complex problems and create lasting value. Our collaborative and agile culture empowers our teams to make a genuine impact. As a Lead Data Analyst , you will play an important role …",[],0,73250.0
5119755223,Senior Data Analyst,Micro IT Global,"London, UK",United Kingdom,IT Jobs,68975.41,68975.41,True,Unknown,2025-03-31 12:24:17+00:00,"Primary role purpose: The Data Solutions team sit within Aviation Platform Engineering and are responsible for providing monitoring and reporting tools and services for our Inflight connectivity products. These rich tools enable our users to visualise the vast array of data traversing our satellite networks, providing insights into the quality of service being delivered, as well as how our satellite connectivity services are being utilised by our end customers. The performance of these tools an…",[],0,68975.41
5840392340,Senior Data Analyst,Universal Music,"Kings Cross, Central London",United Kingdom,IT Jobs,49626.14,49626.14,True,full_time,2026-08-13 16:26:52+00:00,"Music is Universal It’s the passionate and dedicated team at Universal Music who help make us the world’s leading music company. From A&R to finance, legal to digital, sales to marketing, Universal Music is the place to grow and develop your career within a truly commercial and innovative business that leads in everything it does. Everyone is welcome to apply for our roles, and we are determined to ensure that no applicant or employee receives less favourable treatment because of gender, race, …",['R'],1,49626.14
